version 1, schema unit_to_unit_abilities_junctions_tables
Unit_IDRef(string)	Unit_Ability_IDRef(string)
"Art_Foot_12_lber"	"artillery_rof_boost"
"Art_Foot_12_lber"	"gabionade"
"Art_Foot_6_lber"	"artillery_rof_boost"
"Art_Foot_6_lber"	"gabionade"
"Art_Foot_7_lber_Howitzer"	"artillery_accuracy_boost"
"Art_Foot_7_lber_Howitzer"	"gabionade"
"Art_Foot_Austrian_12_lber"	"artillery_rof_boost"
"Art_Foot_Austrian_12_lber"	"gabionade"
"Art_Foot_Austrian_6_lber"	"artillery_rof_boost"
"Art_Foot_Austrian_6_lber"	"gabionade"
"Art_Foot_Austrian_7_lber_Howitzer"	"artillery_accuracy_boost"
"Art_Foot_Austrian_7_lber_Howitzer"	"gabionade"
"Art_Foot_British_5_In_Howitzer"	"artillery_accuracy_boost"
"Art_Foot_British_5_In_Howitzer"	"gabionade"
"Art_Foot_British_6_lber"	"artillery_rof_boost"
"Art_Foot_British_6_lber"	"gabionade"
"Art_Foot_British_9_lber"	"artillery_rof_boost"
"Art_Foot_British_9_lber"	"gabionade"
"Art_Foot_French_12_lber"	"artillery_rof_boost"
"Art_Foot_French_12_lber"	"gabionade"
"Art_Foot_French_6_In_Howitzer"	"artillery_accuracy_boost"
"Art_Foot_French_6_In_Howitzer"	"gabionade"
"Art_Foot_French_6_lber"	"artillery_rof_boost"
"Art_Foot_French_6_lber"	"gabionade"
"Art_Foot_French_8_lber"	"artillery_rof_boost"
"Art_Foot_French_8_lber"	"gabionade"
"Art_Foot_French_Artillerie_a_Pied"	"artillery_rof_boost"
"Art_Foot_French_Artillerie_a_Pied"	"gabionade"
"Art_Foot_Grand_Battery_Convention"	"artillery_rof_boost"
"Art_Foot_Grand_Battery_Convention"	"gabionade"
"Art_Foot_Italian_Guard_Foot_Artillery"	"artillery_rof_boost"
"Art_Foot_Italian_Guard_Foot_Artillery"	"gabionade"
"Art_Foot_Ottoman_18_lber"	"artillery_rof_boost"
"Art_Foot_Ottoman_18_lber"	"gabionade"
"Art_Foot_Ottoman_9_lber"	"artillery_rof_boost"
"Art_Foot_Ottoman_9_lber"	"gabionade"
"Art_Foot_Ottoman_Howitzers"	"artillery_accuracy_boost"
"Art_Foot_Ottoman_Howitzers"	"gabionade"
"Art_Foot_Portuguese_12_lber"	"artillery_rof_boost"
"Art_Foot_Portuguese_12_lber"	"gabionade"
"Art_Foot_Portuguese_6_lber"	"artillery_rof_boost"
"Art_Foot_Portuguese_6_lber"	"gabionade"
"Art_Foot_Portuguese_9_lber"	"artillery_rof_boost"
"Art_Foot_Portuguese_9_lber"	"gabionade"
"Art_Foot_Prussian_12_lber"	"artillery_rof_boost"
"Art_Foot_Prussian_12_lber"	"gabionade"
"Art_Foot_Prussian_6_lber"	"artillery_rof_boost"
"Art_Foot_Prussian_6_lber"	"gabionade"
"Art_Foot_Prussian_7_lber_Howitzer"	"artillery_accuracy_boost"
"Art_Foot_Prussian_7_lber_Howitzer"	"gabionade"
"Art_Foot_Russian_10_lber_Unicorn"	"artillery_accuracy_boost"
"Art_Foot_Russian_10_lber_Unicorn"	"gabionade"
"Art_Foot_Russian_12_lber"	"artillery_rof_boost"
"Art_Foot_Russian_12_lber"	"gabionade"
"Art_Foot_Russian_20_lber_Unicorn"	"artillery_accuracy_boost"
"Art_Foot_Russian_20_lber_Unicorn"	"gabionade"
"Art_Foot_Russian_6_lber"	"artillery_rof_boost"
"Art_Foot_Russian_6_lber"	"gabionade"
"Art_Foot_Spanish_12_lber"	"artillery_rof_boost"
"Art_Foot_Spanish_12_lber"	"gabionade"
"Art_Foot_Spanish_9_lber"	"artillery_rof_boost"
"Art_Foot_Spanish_9_lber"	"gabionade"
"Art_Horse_6_lber"	"artillery_rof_boost"
"Art_Horse_6_lber"	"gabionade"
"Art_Horse_British_6_lber"	"artillery_rof_boost"
"Art_Horse_British_6_lber"	"gabionade"
"Art_Horse_French_6_lber"	"artillery_rof_boost"
"Art_Horse_French_6_lber"	"gabionade"
"Art_Horse_French_Artillerie_a_Cheval"	"artillery_rof_boost"
"Art_Horse_French_Artillerie_a_Cheval"	"gabionade"
"Art_Horse_Italian_Guard_Horse_Artillery"	"artillery_rof_boost"
"Art_Horse_Italian_Guard_Horse_Artillery"	"gabionade"
"Art_Horse_Prussian_6_lber"	"artillery_rof_boost"
"Art_Horse_Prussian_6_lber"	"gabionade"
"Art_Horse_Russian_6_lber"	"artillery_rof_boost"
"Art_Horse_Russian_6_lber"	"gabionade"
"Cav_Heavy_Austrian_Cuirassiers"	"diamond_formation"
"Cav_Heavy_Austrian_Cuirassiers"	"wedge_formation"
"Cav_Heavy_Austrian_Dragoons"	"diamond_formation"
"Cav_Heavy_Austrian_Dragoons"	"wedge_formation"
"Cav_Heavy_British_Dragoon_Guards"	"diamond_formation"
"Cav_Heavy_British_Dragoon_Guards"	"wedge_formation"
"Cav_Heavy_British_Dragoons"	"diamond_formation"
"Cav_Heavy_British_Dragoons"	"wedge_formation"
"Cav_Heavy_British_Horse_Guards"	"diamond_formation"
"Cav_Heavy_British_Horse_Guards"	"wedge_formation"
"Cav_Heavy_British_Horse_Guards_Uxbridge"	"diamond_formation"
"Cav_Heavy_British_Horse_Guards_Uxbridge"	"wedge_formation"
"Cav_Heavy_British_KGL_Dragoons"	"diamond_formation"
"Cav_Heavy_British_KGL_Dragoons"	"wedge_formation"
"Cav_Heavy_British_Life_Guards"	"diamond_formation"
"Cav_Heavy_British_Life_Guards"	"wedge_formation"
"Cav_Heavy_British_Royal_Scots_Greys"	"diamond_formation"
"Cav_Heavy_British_Royal_Scots_Greys"	"wedge_formation"
"Cav_Heavy_Carabiniers"	"diamond_formation"
"Cav_Heavy_Carabiniers"	"wedge_formation"
"Cav_Heavy_Cuirassiers"	"diamond_formation"
"Cav_Heavy_Cuirassiers"	"wedge_formation"
"Cav_Heavy_Dragoons"	"diamond_formation"
"Cav_Heavy_Dragoons"	"wedge_formation"
"Cav_Heavy_French_Carabiniers"	"diamond_formation"
"Cav_Heavy_French_Carabiniers"	"wedge_formation"
"Cav_Heavy_French_Cuirassiers"	"diamond_formation"
"Cav_Heavy_French_Cuirassiers"	"wedge_formation"
"Cav_Heavy_French_Cuirassiers_Murat"	"diamond_formation"
"Cav_Heavy_French_Cuirassiers_Murat"	"wedge_formation"
"Cav_Heavy_French_Cuirassiers_Ney"	"diamond_formation"
"Cav_Heavy_French_Cuirassiers_Ney"	"wedge_formation"
"Cav_Heavy_French_Dragoons"	"diamond_formation"
"Cav_Heavy_French_Dragoons"	"wedge_formation"
"Cav_Heavy_French_Grenadiers_a_Cheval"	"diamond_formation"
"Cav_Heavy_French_Grenadiers_a_Cheval"	"wedge_formation"
"Cav_Heavy_French_Tutorial_Dragoons"	"diamond_formation"
"Cav_Heavy_Garde_du_Corp"	"diamond_formation"
"Cav_Heavy_Garde_du_Corp"	"wedge_formation"
"Cav_Heavy_Italian_Guards_of_Honour"	"diamond_formation"
"Cav_Heavy_Italian_Guards_of_Honour"	"wedge_formation"
"Cav_Heavy_Life_Guards_of_Horse"	"diamond_formation"
"Cav_Heavy_Life_Guards_of_Horse"	"wedge_formation"
"Cav_Heavy_Ottoman_Silahtar_Guard"	"diamond_formation"
"Cav_Heavy_Ottoman_Silahtar_Guard"	"wedge_formation"
"Cav_Heavy_Ottoman_Siphai_Cavalry"	"diamond_formation"
"Cav_Heavy_Ottoman_Siphai_Cavalry"	"wedge_formation"
"Cav_Heavy_Prussian_Cuirassiers"	"diamond_formation"
"Cav_Heavy_Prussian_Cuirassiers"	"wedge_formation"
"Cav_Heavy_Prussian_Dragoons"	"diamond_formation"
"Cav_Heavy_Prussian_Dragoons"	"wedge_formation"
"Cav_Heavy_Republican_Horse_Guards"	"diamond_formation"
"Cav_Heavy_Republican_Horse_Guards"	"wedge_formation"
"Cav_Heavy_Russian_Chevalier_Garde"	"diamond_formation"
"Cav_Heavy_Russian_Chevalier_Garde"	"wedge_formation"
"Cav_Heavy_Russian_Cuirassiers"	"diamond_formation"
"Cav_Heavy_Russian_Cuirassiers"	"wedge_formation"
"Cav_Heavy_Russian_Dragoons"	"diamond_formation"
"Cav_Heavy_Russian_Dragoons"	"wedge_formation"
"Cav_Heavy_Russian_Lifeguard_Horse"	"diamond_formation"
"Cav_Heavy_Russian_Lifeguard_Horse"	"wedge_formation"
"Cav_Heavy_Spanish_Dragoons"	"diamond_formation"
"Cav_Heavy_Spanish_Dragoons"	"wedge_formation"
"Cav_Heavy_Spanish_Guardias_da_Corp"	"diamond_formation"
"Cav_Heavy_Spanish_Guardias_da_Corp"	"wedge_formation"
"Cav_Lancer_Austrian_Ulans"	"diamond_formation"
"Cav_Lancer_Austrian_Ulans"	"wedge_formation"
"Cav_Lancer_French_7th_Lancers"	"diamond_formation"
"Cav_Lancer_French_7th_Lancers"	"wedge_formation"
"Cav_Lancer_French_Cheveau_Legers_Lancers"	"diamond_formation"
"Cav_Lancer_French_Cheveau_Legers_Lancers"	"wedge_formation"
"Cav_Lancer_Lancers"	"diamond_formation"
"Cav_Lancer_Lancers"	"wedge_formation"
"Cav_Lancer_Prussian_Brandenburg_Uhlans"	"diamond_formation"
"Cav_Lancer_Prussian_Brandenburg_Uhlans"	"wedge_formation"
"Cav_Lancer_Prussian_Lancers"	"diamond_formation"
"Cav_Lancer_Prussian_Lancers"	"wedge_formation"
"Cav_Lancer_Prussian_Towarczys"	"diamond_formation"
"Cav_Lancer_Prussian_Towarczys"	"wedge_formation"
"Cav_Lancer_Russian_Cossack_Cavalry"	"diamond_formation"
"Cav_Lancer_Russian_Cossack_Cavalry"	"wedge_formation"
"Cav_Lancer_Russian_Ulans"	"diamond_formation"
"Cav_Lancer_Russian_Ulans"	"wedge_formation"
"Cav_Light_Austrian_1st_Hussars"	"diamond_formation"
"Cav_Light_Austrian_1st_Hussars"	"wedge_formation"
"Cav_Light_Austrian_Hungarian_Hussars"	"diamond_formation"
"Cav_Light_Austrian_Hungarian_Hussars"	"wedge_formation"
"Cav_Light_British_15th_Hussars"	"diamond_formation"
"Cav_Light_British_15th_Hussars"	"wedge_formation"
"Cav_Light_British_KGL_Light_Dragoons"	"diamond_formation"
"Cav_Light_British_KGL_Light_Dragoons"	"wedge_formation"
"Cav_Light_British_Light_Dragoons"	"diamond_formation"
"Cav_Light_British_Light_Dragoons"	"wedge_formation"
"Cav_Light_Brunswick_Hussars"	"diamond_formation"
"Cav_Light_Brunswick_Hussars"	"wedge_formation"
"Cav_Light_Dutch_Light_Dragoons"	"diamond_formation"
"Cav_Light_Dutch_Light_Dragoons"	"wedge_formation"
"Cav_Light_French_5e_Hussards"	"diamond_formation"
"Cav_Light_French_5e_Hussards"	"wedge_formation"
"Cav_Light_Hussars"	"diamond_formation"
"Cav_Light_Hussars"	"wedge_formation"
"Cav_Light_Light_Dragoons"	"diamond_formation"
"Cav_Light_Light_Dragoons"	"wedge_formation"
"Cav_Light_Mamelukes"	"diamond_formation"
"Cav_Light_Mamelukes"	"wedge_formation"
"Cav_Light_Ottoman_Deli_Horsemen"	"diamond_formation"
"Cav_Light_Ottoman_Deli_Horsemen"	"wedge_formation"
"Cav_Light_Prussian_Hussars"	"diamond_formation"
"Cav_Light_Prussian_Hussars"	"wedge_formation"
"Cav_Light_Russian_Hussars"	"diamond_formation"
"Cav_Light_Russian_Hussars"	"wedge_formation"
"Cav_Light_Russian_Pavlograd_Hussars"	"diamond_formation"
"Cav_Light_Spanish_Hussars"	"diamond_formation"
"Cav_Light_Spanish_Hussars"	"wedge_formation"
"Cav_Stand_Austrian_Chevauxlegers"	"diamond_formation"
"Cav_Stand_Austrian_Chevauxlegers"	"wedge_formation"
"Cav_Stand_Chevauxlegers"	"diamond_formation"
"Cav_Stand_Chevauxlegers"	"wedge_formation"
"Cav_Stand_Portuguese_Cavalry"	"diamond_formation"
"Cav_Stand_Portuguese_Cavalry"	"wedge_formation"
"Cav_Stand_Spanish_Line_Cavalry"	"diamond_formation"
"Cav_Stand_Spanish_Line_Cavalry"	"wedge_formation"
"Gen_Ahmed_Al-Jazzar"	"inspire_unit"
"Gen_Ahmed_Al-Jazzar"	"rally"
"Gen_Anders_Fredrik_Skjoldebrand"	"inspire_unit"
"Gen_Anders_Fredrik_Skjoldebrand"	"rally"
"Gen_Antonio_Henriques"	"inspire_unit"
"Gen_Antonio_Henriques"	"rally"
"Gen_Archduke_Charles"	"inspire_unit"
"Gen_Archduke_Charles"	"rally"
"Gen_Bernadotte"	"inspire_unit"
"Gen_Bernadotte"	"rally"
"Gen_Count_von_Bennigsen"	"inspire_unit"
"Gen_Count_von_Bennigsen"	"rally"
"Gen_Count_von_Gneisenau"	"inspire_unit"
"Gen_Count_von_Gneisenau"	"rally"
"Gen_David_Hendrik_Chasse"	"inspire_unit"
"Gen_David_Hendrik_Chasse"	"rally"
"Gen_Duke_of_Wellington"	"inspire_unit"
"Gen_Duke_of_Wellington"	"rally"
"Gen_Early_Napoleon"	"inspire_unit"
"Gen_Early_Napoleon"	"rally"
"Gen_Ernst_Paymann"	"inspire_unit"
"Gen_Ernst_Paymann"	"rally"
"Gen_Francisco_Castanos"	"inspire_unit"
"Gen_Francisco_Castanos"	"rally"
"Gen_Generals_Bodyguard"	"inspire_unit"
"Gen_Generals_Bodyguard"	"rally"
"Gen_Generals_Staff"	"inspire_unit"
"Gen_Generals_Staff"	"rally"
"Gen_Generals_Staff_Foot"	"inspire_unit"
"Gen_Generals_Staff_Foot"	"rally"
"Gen_Gerhard_Blucher"	"inspire_unit"
"Gen_Gerhard_Blucher"	"rally"
"Gen_Gerhard_von_Scharnhorst"	"inspire_unit"
"Gen_Gerhard_von_Scharnhorst"	"rally"
"Gen_Gomes_Freire_de_Andrade"	"inspire_unit"
"Gen_Gomes_Freire_de_Andrade"	"rally"
"Gen_Gregorio_Garcia_de_la_Cuesta"	"inspire_unit"
"Gen_Gregorio_Garcia_de_la_Cuesta"	"rally"
"Gen_Hans_Henric_von_Essen"	"inspire_unit"
"Gen_Hans_Henric_von_Essen"	"rally"
"Gen_Ibrahim_Basha"	"inspire_unit"
"Gen_Ibrahim_Basha"	"rally"
"Gen_Jean_Victor_baron_de_Constant_Rebecque"	"inspire_unit"
"Gen_Jean_Victor_baron_de_Constant_Rebecque"	"rally"
"Gen_Joachim_Melchior_Holten_Castenschiold"	"inspire_unit"
"Gen_Joachim_Melchior_Holten_Castenschiold"	"rally"
"Gen_Joaquin_Blake_y_Joyes"	"inspire_unit"
"Gen_Joaquin_Blake_y_Joyes"	"rally"
"Gen_Johann_Beaulieu"	"inspire_unit"
"Gen_Johann_Beaulieu"	"rally"
"Gen_Jozsef_Alvinczi"	"inspire_unit"
"Gen_Jozsef_Alvinczi"	"rally"
"Gen_Karl_Schwarzenberg"	"inspire_unit"
"Gen_Karl_Schwarzenberg"	"rally"
"Gen_Late_Napoleon"	"inspire_unit"
"Gen_Late_Napoleon"	"rally"
"Gen_Luis_do_Rego_Barreto"	"inspire_unit"
"Gen_Luis_do_Rego_Barreto"	"rally"
"Gen_Marechal_Ney"	"inspire_unit"
"Gen_Marechal_Ney"	"rally"
"Gen_Marechal_Soult"	"inspire_unit"
"Gen_Marechal_Soult"	"rally"
"Gen_Mehmed_Ali"	"inspire_unit"
"Gen_Mehmed_Ali"	"rally"
"Gen_Mikhail_Kutuzov"	"inspire_unit"
"Gen_Mikhail_Kutuzov"	"rally"
"Gen_Murad_Bey"	"inspire_unit"
"Gen_Murad_Bey"	"rally"
"Gen_Picton"	"inspire_unit"
"Gen_Picton"	"rally"
"Gen_Prince_de_Tolly"	"inspire_unit"
"Gen_Prince_de_Tolly"	"rally"
"Gen_Prince_Frederick_of_Hessen"	"inspire_unit"
"Gen_Prince_Frederick_of_Hessen"	"rally"
"Gen_Prince_of_Orange"	"inspire_unit"
"Gen_Prince_of_Orange"	"rally"
"Gen_Sir_John_Moore"	"inspire_unit"
"Gen_Sir_John_Moore"	"rally"
"Gen_Tsar_Alexander"	"inspire_unit"
"Gen_Tsar_Alexander"	"rally"
"Inf_Elite_British_Black_Watch"	"chevaux_de_frise"
"Inf_Elite_British_Black_Watch"	"earthworks"
"Inf_Elite_British_Black_Watch"	"fire_and_advance"
"Inf_Elite_British_Black_Watch"	"socket_bayonets"
"Inf_Elite_British_Black_Watch"	"square_formation"
"Inf_Elite_British_Foot_Guards"	"chevaux_de_frise"
"Inf_Elite_British_Foot_Guards"	"earthworks"
"Inf_Elite_British_Foot_Guards"	"fire_and_advance"
"Inf_Elite_British_Foot_Guards"	"socket_bayonets"
"Inf_Elite_British_Foot_Guards"	"square_formation"
"Inf_Elite_Foot_Guards"	"chevaux_de_frise"
"Inf_Elite_Foot_Guards"	"earthworks"
"Inf_Elite_Foot_Guards"	"fire_and_advance"
"Inf_Elite_Foot_Guards"	"socket_bayonets"
"Inf_Elite_Foot_Guards"	"square_formation"
"Inf_Elite_French_Old_Guard"	"chevaux_de_frise"
"Inf_Elite_French_Old_Guard"	"earthworks"
"Inf_Elite_French_Old_Guard"	"fire_and_advance"
"Inf_Elite_French_Old_Guard"	"socket_bayonets"
"Inf_Elite_French_Old_Guard"	"square_formation"
"Inf_Elite_French_Young_Guard"	"chevaux_de_frise"
"Inf_Elite_French_Young_Guard"	"earthworks"
"Inf_Elite_French_Young_Guard"	"fire_and_advance"
"Inf_Elite_French_Young_Guard"	"socket_bayonets"
"Inf_Elite_French_Young_Guard"	"square_formation"
"Inf_Elite_Grenadier_Guards"	"chevaux_de_frise"
"Inf_Elite_Grenadier_Guards"	"earthworks"
"Inf_Elite_Grenadier_Guards"	"fire_and_advance"
"Inf_Elite_Grenadier_Guards"	"socket_bayonets"
"Inf_Elite_Grenadier_Guards"	"square_formation"
"Inf_Elite_Italian_Velite_Grenadiers"	"chevaux_de_frise"
"Inf_Elite_Italian_Velite_Grenadiers"	"earthworks"
"Inf_Elite_Italian_Velite_Grenadiers"	"fire_and_advance"
"Inf_Elite_Italian_Velite_Grenadiers"	"socket_bayonets"
"Inf_Elite_Italian_Velite_Grenadiers"	"square_formation"
"Inf_Elite_Life_Guards_of_Foot"	"chevaux_de_frise"
"Inf_Elite_Life_Guards_of_Foot"	"earthworks"
"Inf_Elite_Life_Guards_of_Foot"	"fire_and_advance"
"Inf_Elite_Life_Guards_of_Foot"	"socket_bayonets"
"Inf_Elite_Life_Guards_of_Foot"	"square_formation"
"Inf_Elite_Life_Regiment"	"chevaux_de_frise"
"Inf_Elite_Life_Regiment"	"earthworks"
"Inf_Elite_Life_Regiment"	"fire_and_advance"
"Inf_Elite_Life_Regiment"	"socket_bayonets"
"Inf_Elite_Life_Regiment"	"square_formation"
"Inf_Elite_Prussian_Foot_Guards"	"chevaux_de_frise"
"Inf_Elite_Prussian_Foot_Guards"	"earthworks"
"Inf_Elite_Prussian_Foot_Guards"	"fire_and_advance"
"Inf_Elite_Prussian_Foot_Guards"	"socket_bayonets"
"Inf_Elite_Prussian_Foot_Guards"	"square_formation"
"Inf_Elite_Prussian_Life_Regiment"	"chevaux_de_frise"
"Inf_Elite_Prussian_Life_Regiment"	"earthworks"
"Inf_Elite_Prussian_Life_Regiment"	"fire_and_advance"
"Inf_Elite_Prussian_Life_Regiment"	"socket_bayonets"
"Inf_Elite_Prussian_Life_Regiment"	"square_formation"
"Inf_Elite_Republican_Guards"	"chevaux_de_frise"
"Inf_Elite_Republican_Guards"	"earthworks"
"Inf_Elite_Republican_Guards"	"fire_and_advance"
"Inf_Elite_Republican_Guards"	"socket_bayonets"
"Inf_Elite_Republican_Guards"	"square_formation"
"Inf_Elite_Russian_Lifeguard_Foot"	"chevaux_de_frise"
"Inf_Elite_Russian_Lifeguard_Foot"	"earthworks"
"Inf_Elite_Russian_Lifeguard_Foot"	"fire_and_advance"
"Inf_Elite_Russian_Lifeguard_Foot"	"socket_bayonets"
"Inf_Elite_Russian_Lifeguard_Foot"	"square_formation"
"Inf_Elite_Spanish_Guardias_de_Infanteria"	"chevaux_de_frise"
"Inf_Elite_Spanish_Guardias_de_Infanteria"	"earthworks"
"Inf_Elite_Spanish_Guardias_de_Infanteria"	"fire_and_advance"
"Inf_Elite_Spanish_Guardias_de_Infanteria"	"socket_bayonets"
"Inf_Elite_Spanish_Guardias_de_Infanteria"	"square_formation"
"Inf_Gren_Austrian_German_Grenadiers"	"chevaux_de_frise"
"Inf_Gren_Austrian_German_Grenadiers"	"earthworks"
"Inf_Gren_Austrian_German_Grenadiers"	"fire_and_advance"
"Inf_Gren_Austrian_German_Grenadiers"	"socket_bayonets"
"Inf_Gren_Austrian_German_Grenadiers"	"square_formation"
"Inf_Gren_Austrian_Hungarian_Grenadiers"	"chevaux_de_frise"
"Inf_Gren_Austrian_Hungarian_Grenadiers"	"earthworks"
"Inf_Gren_Austrian_Hungarian_Grenadiers"	"fire_and_advance"
"Inf_Gren_Austrian_Hungarian_Grenadiers"	"socket_bayonets"
"Inf_Gren_Austrian_Hungarian_Grenadiers"	"square_formation"
"Inf_Gren_French_Grenadiers"	"chevaux_de_frise"
"Inf_Gren_French_Grenadiers"	"earthworks"
"Inf_Gren_French_Grenadiers"	"fire_and_advance"
"Inf_Gren_French_Grenadiers"	"socket_bayonets"
"Inf_Gren_French_Grenadiers"	"square_formation"
"Inf_Gren_Grenadiers"	"chevaux_de_frise"
"Inf_Gren_Grenadiers"	"earthworks"
"Inf_Gren_Grenadiers"	"fire_and_advance"
"Inf_Gren_Grenadiers"	"socket_bayonets"
"Inf_Gren_Grenadiers"	"square_formation"
"Inf_Gren_Ottoman_Beylik_Janissary_Grenadiers"	"chevaux_de_frise"
"Inf_Gren_Ottoman_Beylik_Janissary_Grenadiers"	"earthworks"
"Inf_Gren_Ottoman_Beylik_Janissary_Grenadiers"	"fire_and_advance"
"Inf_Gren_Portuguese_Grenadiers"	"chevaux_de_frise"
"Inf_Gren_Portuguese_Grenadiers"	"earthworks"
"Inf_Gren_Portuguese_Grenadiers"	"fire_and_advance"
"Inf_Gren_Portuguese_Grenadiers"	"socket_bayonets"
"Inf_Gren_Portuguese_Grenadiers"	"square_formation"
"Inf_Gren_Prussian_East_Prussian_Grenadiers"	"chevaux_de_frise"
"Inf_Gren_Prussian_East_Prussian_Grenadiers"	"earthworks"
"Inf_Gren_Prussian_East_Prussian_Grenadiers"	"fire_and_advance"
"Inf_Gren_Prussian_East_Prussian_Grenadiers"	"socket_bayonets"
"Inf_Gren_Prussian_East_Prussian_Grenadiers"	"square_formation"
"Inf_Gren_Prussian_Grenadiers"	"chevaux_de_frise"
"Inf_Gren_Prussian_Grenadiers"	"earthworks"
"Inf_Gren_Prussian_Grenadiers"	"fire_and_advance"
"Inf_Gren_Prussian_Grenadiers"	"socket_bayonets"
"Inf_Gren_Prussian_Grenadiers"	"square_formation"
"Inf_Gren_Russian_Grenadiers"	"chevaux_de_frise"
"Inf_Gren_Russian_Grenadiers"	"earthworks"
"Inf_Gren_Russian_Grenadiers"	"fire_and_advance"
"Inf_Gren_Russian_Grenadiers"	"socket_bayonets"
"Inf_Gren_Russian_Grenadiers"	"square_formation"
"Inf_Gren_Russian_Pavlovsk_Grenadiers"	"chevaux_de_frise"
"Inf_Gren_Russian_Pavlovsk_Grenadiers"	"earthworks"
"Inf_Gren_Russian_Pavlovsk_Grenadiers"	"fire_and_advance"
"Inf_Gren_Russian_Pavlovsk_Grenadiers"	"socket_bayonets"
"Inf_Gren_Russian_Pavlovsk_Grenadiers"	"square_formation"
"Inf_Gren_Spanish_Grenadiers"	"chevaux_de_frise"
"Inf_Gren_Spanish_Grenadiers"	"earthworks"
"Inf_Gren_Spanish_Grenadiers"	"fire_and_advance"
"Inf_Gren_Spanish_Grenadiers"	"socket_bayonets"
"Inf_Gren_Spanish_Grenadiers"	"square_formation"
"Inf_Irreg_Ottoman_Azzars"	"chevaux_de_frise"
"Inf_Irreg_Ottoman_Azzars"	"earthworks"
"Inf_Irreg_Ottoman_Azzars"	"wooden_stakes"
"Inf_Irreg_Ottoman_Bashi_Bazouks"	"chevaux_de_frise"
"Inf_Irreg_Ottoman_Bashi_Bazouks"	"earthworks"
"Inf_Irreg_Spanish_Guerillas"	"chevaux_de_frise"
"Inf_Irreg_Spanish_Guerillas"	"earthworks"
"Inf_Irreg_Spanish_Guerillas"	"wooden_stakes"
"Inf_Light_Austrian_Grenzers"	"chevaux_de_frise"
"Inf_Light_Austrian_Grenzers"	"earthworks"
"Inf_Light_Austrian_Grenzers"	"light_infantry_behaviour"
"Inf_Light_Austrian_Grenzers"	"socket_bayonets"
"Inf_Light_British_Dutch_Flanquers"	"chevaux_de_frise"
"Inf_Light_British_Dutch_Flanquers"	"earthworks"
"Inf_Light_British_Dutch_Flanquers"	"light_infantry_behaviour"
"Inf_Light_British_Dutch_Flanquers"	"socket_bayonets"
"Inf_Light_British_KGL_Light_Foot"	"chevaux_de_frise"
"Inf_Light_British_KGL_Light_Foot"	"earthworks"
"Inf_Light_British_KGL_Light_Foot"	"light_infantry_behaviour"
"Inf_Light_British_KGL_Light_Foot"	"socket_bayonets"
"Inf_Light_British_Light_Foot"	"chevaux_de_frise"
"Inf_Light_British_Light_Foot"	"earthworks"
"Inf_Light_British_Light_Foot"	"light_infantry_behaviour"
"Inf_Light_British_Light_Foot"	"socket_bayonets"
"Inf_Light_Dutch_Flanquers"	"chevaux_de_frise"
"Inf_Light_Dutch_Flanquers"	"earthworks"
"Inf_Light_Dutch_Flanquers"	"light_infantry_behaviour"
"Inf_Light_Dutch_Flanquers"	"socket_bayonets"
"Inf_Light_Egy_Ottoman_Nizam_I_Cedit_Light_Infantry"	"chevaux_de_frise"
"Inf_Light_Egy_Ottoman_Nizam_I_Cedit_Light_Infantry"	"earthworks"
"Inf_Light_Egy_Ottoman_Nizam_I_Cedit_Light_Infantry"	"light_infantry_behaviour"
"Inf_Light_Egy_Ottoman_Nizam_I_Cedit_Light_Infantry"	"socket_bayonets"
"Inf_Light_French_6th_Legere"	"chevaux_de_frise"
"Inf_Light_French_6th_Legere"	"earthworks"
"Inf_Light_French_6th_Legere"	"light_infantry_behaviour"
"Inf_Light_French_6th_Legere"	"socket_bayonets"
"Inf_Light_French_Chasseurs"	"chevaux_de_frise"
"Inf_Light_French_Chasseurs"	"earthworks"
"Inf_Light_French_Chasseurs"	"light_infantry_behaviour"
"Inf_Light_French_Chasseurs"	"socket_bayonets"
"Inf_Light_Fusiliers"	"chevaux_de_frise"
"Inf_Light_Fusiliers"	"earthworks"
"Inf_Light_Fusiliers"	"light_infantry_behaviour"
"Inf_Light_Fusiliers"	"socket_bayonets"
"Inf_Light_Light_Infantry"	"chevaux_de_frise"
"Inf_Light_Light_Infantry"	"earthworks"
"Inf_Light_Light_Infantry"	"light_infantry_behaviour"
"Inf_Light_Light_Infantry"	"socket_bayonets"
"Inf_Light_Lombardy-Cisalpine_Legion"	"chevaux_de_frise"
"Inf_Light_Lombardy-Cisalpine_Legion"	"earthworks"
"Inf_Light_Lombardy-Cisalpine_Legion"	"light_infantry_behaviour"
"Inf_Light_Lombardy-Cisalpine_Legion"	"socket_bayonets"
"Inf_Light_Ottoman_Nizam_I_Cedit_Light_Infantry"	"chevaux_de_frise"
"Inf_Light_Ottoman_Nizam_I_Cedit_Light_Infantry"	"earthworks"
"Inf_Light_Ottoman_Nizam_I_Cedit_Light_Infantry"	"light_infantry_behaviour"
"Inf_Light_Ottoman_Nizam_I_Cedit_Light_Infantry"	"socket_bayonets"
"Inf_Light_Portuguese_Cazadores"	"chevaux_de_frise"
"Inf_Light_Portuguese_Cazadores"	"earthworks"
"Inf_Light_Portuguese_Cazadores"	"light_infantry_behaviour"
"Inf_Light_Portuguese_Cazadores"	"socket_bayonets"
"Inf_Light_Prussian_Fusiliers"	"chevaux_de_frise"
"Inf_Light_Prussian_Fusiliers"	"earthworks"
"Inf_Light_Prussian_Fusiliers"	"light_infantry_behaviour"
"Inf_Light_Prussian_Fusiliers"	"socket_bayonets"
"Inf_Light_Russian_17th_Jager"	"chevaux_de_frise"
"Inf_Light_Russian_17th_Jager"	"earthworks"
"Inf_Light_Russian_17th_Jager"	"light_infantry_behaviour"
"Inf_Light_Russian_17th_Jager"	"socket_bayonets"
"Inf_Light_Russian_Jager"	"chevaux_de_frise"
"Inf_Light_Russian_Jager"	"earthworks"
"Inf_Light_Russian_Jager"	"light_infantry_behaviour"
"Inf_Light_Russian_Jager"	"socket_bayonets"
"Inf_Light_Spanish_Cazadores"	"chevaux_de_frise"
"Inf_Light_Spanish_Cazadores"	"earthworks"
"Inf_Light_Spanish_Cazadores"	"light_infantry_behaviour"
"Inf_Light_Spanish_Cazadores"	"socket_bayonets"
"Inf_Line_Austrian_1st_Emperors_Own"	"chevaux_de_frise"
"Inf_Line_Austrian_1st_Emperors_Own"	"earthworks"
"Inf_Line_Austrian_1st_Emperors_Own"	"fire_and_advance"
"Inf_Line_Austrian_1st_Emperors_Own"	"socket_bayonets"
"Inf_Line_Austrian_1st_Emperors_Own"	"square_formation"
"Inf_Line_Austrian_47th_Czech"	"chevaux_de_frise"
"Inf_Line_Austrian_47th_Czech"	"earthworks"
"Inf_Line_Austrian_47th_Czech"	"fire_and_advance"
"Inf_Line_Austrian_47th_Czech"	"socket_bayonets"
"Inf_Line_Austrian_47th_Czech"	"square_formation"
"Inf_Line_Austrian_German_Fusiliers"	"chevaux_de_frise"
"Inf_Line_Austrian_German_Fusiliers"	"earthworks"
"Inf_Line_Austrian_German_Fusiliers"	"fire_and_advance"
"Inf_Line_Austrian_German_Fusiliers"	"socket_bayonets"
"Inf_Line_Austrian_German_Fusiliers"	"square_formation"
"Inf_Line_Austrian_Hungarian_Fusiliers"	"chevaux_de_frise"
"Inf_Line_Austrian_Hungarian_Fusiliers"	"earthworks"
"Inf_Line_Austrian_Hungarian_Fusiliers"	"fire_and_advance"
"Inf_Line_Austrian_Hungarian_Fusiliers"	"socket_bayonets"
"Inf_Line_Austrian_Hungarian_Fusiliers"	"square_formation"
"Inf_Line_British_88th_Foot"	"chevaux_de_frise"
"Inf_Line_British_88th_Foot"	"earthworks"
"Inf_Line_British_88th_Foot"	"fire_and_advance"
"Inf_Line_British_88th_Foot"	"socket_bayonets"
"Inf_Line_British_88th_Foot"	"square_formation"
"Inf_Line_British_Foot"	"chevaux_de_frise"
"Inf_Line_British_Foot"	"earthworks"
"Inf_Line_British_Foot"	"fire_and_advance"
"Inf_Line_British_Foot"	"socket_bayonets"
"Inf_Line_British_Foot"	"square_formation"
"Inf_Line_British_Highland_Foot"	"chevaux_de_frise"
"Inf_Line_British_Highland_Foot"	"earthworks"
"Inf_Line_British_Highland_Foot"	"fire_and_advance"
"Inf_Line_British_Highland_Foot"	"socket_bayonets"
"Inf_Line_British_Highland_Foot"	"square_formation"
"Inf_Line_British_KGL_Foot"	"chevaux_de_frise"
"Inf_Line_British_KGL_Foot"	"earthworks"
"Inf_Line_British_KGL_Foot"	"fire_and_advance"
"Inf_Line_British_KGL_Foot"	"socket_bayonets"
"Inf_Line_British_KGL_Foot"	"square_formation"
"Inf_Line_Brunswick_Line_Infantry"	"chevaux_de_frise"
"Inf_Line_Brunswick_Line_Infantry"	"earthworks"
"Inf_Line_Brunswick_Line_Infantry"	"fire_and_advance"
"Inf_Line_Brunswick_Line_Infantry"	"socket_bayonets"
"Inf_Line_Brunswick_Line_Infantry"	"square_formation"
"Inf_Line_Dutch_Line_Infantry"	"chevaux_de_frise"
"Inf_Line_Dutch_Line_Infantry"	"earthworks"
"Inf_Line_Dutch_Line_Infantry"	"fire_and_advance"
"Inf_Line_Dutch_Line_Infantry"	"socket_bayonets"
"Inf_Line_Dutch_Line_Infantry"	"square_formation"
"Inf_Line_Egy_Ottoman_Nizam_I_Cedit_Infantry"	"chevaux_de_frise"
"Inf_Line_Egy_Ottoman_Nizam_I_Cedit_Infantry"	"earthworks"
"Inf_Line_Egy_Ottoman_Nizam_I_Cedit_Infantry"	"fire_and_advance"
"Inf_Line_Egy_Ottoman_Nizam_I_Cedit_Infantry"	"socket_bayonets"
"Inf_Line_Egy_Ottoman_Nizam_I_Cedit_Infantry"	"square_formation"
"Inf_Line_French_18th_Ligne"	"chevaux_de_frise"
"Inf_Line_French_18th_Ligne"	"earthworks"
"Inf_Line_French_18th_Ligne"	"fire_and_advance"
"Inf_Line_French_18th_Ligne"	"socket_bayonets"
"Inf_Line_French_18th_Ligne"	"square_formation"
"Inf_Line_French_Fusiliers"	"chevaux_de_frise"
"Inf_Line_French_Fusiliers"	"earthworks"
"Inf_Line_French_Fusiliers"	"fire_and_advance"
"Inf_Line_French_Fusiliers"	"socket_bayonets"
"Inf_Line_French_Fusiliers"	"square_formation"
"Inf_Line_French_Revolutionary_Infantry"	"chevaux_de_frise"
"Inf_Line_French_Revolutionary_Infantry"	"earthworks"
"Inf_Line_French_Revolutionary_Infantry"	"socket_bayonets"
"Inf_Line_French_Revolutionary_Infantry"	"square_formation"
"Inf_Line_French_Tutorial_Fusiliers"	"chevaux_de_frise"
"Inf_Line_French_Tutorial_Fusiliers"	"earthworks"
"Inf_Line_French_Tutorial_Fusiliers"	"socket_bayonets"
"Inf_Line_French_Tutorial_Fusiliers"	"square_formation"
"Inf_Line_Line_Infantry"	"chevaux_de_frise"
"Inf_Line_Line_Infantry"	"earthworks"
"Inf_Line_Line_Infantry"	"fire_and_advance"
"Inf_Line_Line_Infantry"	"socket_bayonets"
"Inf_Line_Line_Infantry"	"square_formation"
"Inf_Line_Musketeers"	"chevaux_de_frise"
"Inf_Line_Musketeers"	"earthworks"
"Inf_Line_Musketeers"	"fire_and_advance"
"Inf_Line_Musketeers"	"socket_bayonets"
"Inf_Line_Musketeers"	"square_formation"
"Inf_Line_Ottoman_Beylik_Janissary_Musketeers"	"chevaux_de_frise"
"Inf_Line_Ottoman_Beylik_Janissary_Musketeers"	"earthworks"
"Inf_Line_Ottoman_Nizam_I_Cedit_Infantry"	"chevaux_de_frise"
"Inf_Line_Ottoman_Nizam_I_Cedit_Infantry"	"earthworks"
"Inf_Line_Ottoman_Nizam_I_Cedit_Infantry"	"fire_and_advance"
"Inf_Line_Ottoman_Nizam_I_Cedit_Infantry"	"socket_bayonets"
"Inf_Line_Ottoman_Nizam_I_Cedit_Infantry"	"square_formation"
"Inf_Line_Polish_Legion"	"chevaux_de_frise"
"Inf_Line_Polish_Legion"	"earthworks"
"Inf_Line_Polish_Legion"	"fire_and_advance"
"Inf_Line_Polish_Legion"	"socket_bayonets"
"Inf_Line_Polish_Legion"	"square_formation"
"Inf_Line_Portuguese_Infantry"	"chevaux_de_frise"
"Inf_Line_Portuguese_Infantry"	"earthworks"
"Inf_Line_Portuguese_Infantry"	"fire_and_advance"
"Inf_Line_Portuguese_Infantry"	"socket_bayonets"
"Inf_Line_Portuguese_Infantry"	"square_formation"
"Inf_Line_Provincial_Egy_Ottoman_Nizam_I_Cedit"	"chevaux_de_frise"
"Inf_Line_Provincial_Egy_Ottoman_Nizam_I_Cedit"	"earthworks"
"Inf_Line_Provincial_Egy_Ottoman_Nizam_I_Cedit"	"fire_and_advance"
"Inf_Line_Provincial_Egy_Ottoman_Nizam_I_Cedit"	"socket_bayonets"
"Inf_Line_Provincial_Egy_Ottoman_Nizam_I_Cedit"	"square_formation"
"Inf_Line_Provincial_Ottoman_Nizam_I_Cedit"	"chevaux_de_frise"
"Inf_Line_Provincial_Ottoman_Nizam_I_Cedit"	"earthworks"
"Inf_Line_Provincial_Ottoman_Nizam_I_Cedit"	"fire_and_advance"
"Inf_Line_Provincial_Ottoman_Nizam_I_Cedit"	"socket_bayonets"
"Inf_Line_Provincial_Ottoman_Nizam_I_Cedit"	"square_formation"
"Inf_Line_Prussian_Musketeers"	"chevaux_de_frise"
"Inf_Line_Prussian_Musketeers"	"earthworks"
"Inf_Line_Prussian_Musketeers"	"fire_and_advance"
"Inf_Line_Prussian_Musketeers"	"socket_bayonets"
"Inf_Line_Prussian_Musketeers"	"square_formation"
"Inf_Line_Russian_Moscow_Musketeers"	"chevaux_de_frise"
"Inf_Line_Russian_Moscow_Musketeers"	"earthworks"
"Inf_Line_Russian_Moscow_Musketeers"	"fire_and_advance"
"Inf_Line_Russian_Moscow_Musketeers"	"socket_bayonets"
"Inf_Line_Russian_Moscow_Musketeers"	"square_formation"
"Inf_Line_Russian_Musketeers"	"chevaux_de_frise"
"Inf_Line_Russian_Musketeers"	"earthworks"
"Inf_Line_Russian_Musketeers"	"fire_and_advance"
"Inf_Line_Russian_Musketeers"	"socket_bayonets"
"Inf_Line_Russian_Musketeers"	"square_formation"
"Inf_Line_Spanish_Line_Infantry"	"chevaux_de_frise"
"Inf_Line_Spanish_Line_Infantry"	"earthworks"
"Inf_Line_Spanish_Line_Infantry"	"fire_and_advance"
"Inf_Line_Spanish_Line_Infantry"	"socket_bayonets"
"Inf_Line_Spanish_Line_Infantry"	"square_formation"
"Inf_Line_Swiss_Foot"	"chevaux_de_frise"
"Inf_Line_Swiss_Foot"	"earthworks"
"Inf_Line_Swiss_Foot"	"fire_and_advance"
"Inf_Line_Swiss_Foot"	"socket_bayonets"
"Inf_Line_Swiss_Foot"	"square_formation"
"Inf_Melee_Ottoman_Cemaat_Janissaries"	"chevaux_de_frise"
"Inf_Melee_Ottoman_Cemaat_Janissaries"	"earthworks"
"Inf_Militia_Austrian_Landesschutzen"	"chevaux_de_frise"
"Inf_Militia_Austrian_Landesschutzen"	"earthworks"
"Inf_Militia_Austrian_Landesschutzen"	"light_infantry_behaviour"
"Inf_Militia_Austrian_Landwehr"	"chevaux_de_frise"
"Inf_Militia_Austrian_Landwehr"	"earthworks"
"Inf_Militia_British_Fencibles"	"chevaux_de_frise"
"Inf_Militia_British_Fencibles"	"earthworks"
"Inf_Militia_French_National_Guard"	"chevaux_de_frise"
"Inf_Militia_French_National_Guard"	"earthworks"
"Inf_Militia_Landwehr"	"chevaux_de_frise"
"Inf_Militia_Landwehr"	"earthworks"
"Inf_Militia_Militia"	"chevaux_de_frise"
"Inf_Militia_Militia"	"earthworks"
"Inf_Militia_Militiamen"	"chevaux_de_frise"
"Inf_Militia_Militiamen"	"earthworks"
"Inf_Militia_Ottoman_Libyan_Bedouin"	"chevaux_de_frise"
"Inf_Militia_Ottoman_Libyan_Bedouin"	"earthworks"
"Inf_Militia_Ottoman_Palestinian_Auxiliaries"	"chevaux_de_frise"
"Inf_Militia_Ottoman_Palestinian_Auxiliaries"	"earthworks"
"Inf_Militia_Ottoman_Peasant_Levy"	"chevaux_de_frise"
"Inf_Militia_Ottoman_Peasant_Levy"	"earthworks"
"Inf_Militia_Portuguese_Militia"	"chevaux_de_frise"
"Inf_Militia_Portuguese_Militia"	"earthworks"
"Inf_Militia_Prussian_Landwehr"	"chevaux_de_frise"
"Inf_Militia_Prussian_Landwehr"	"earthworks"
"Inf_Militia_Russian_Opelchenie"	"chevaux_de_frise"
"Inf_Militia_Russian_Opelchenie"	"earthworks"
"Inf_Militia_Spanish_Provincial_Militia"	"chevaux_de_frise"
"Inf_Militia_Spanish_Provincial_Militia"	"earthworks"
"Inf_Skirm_Austrian_Jager"	"light_infantry_behaviour"
"Inf_Skirm_Austrian_Jager"	"wooden_stakes"
"Inf_Skirm_Austrian_Windbucshe_Jager"	"light_infantry_behaviour"
"Inf_Skirm_British_Rifles"	"light_infantry_behaviour"
"Inf_Skirm_British_Rifles"	"wooden_stakes"
"Inf_Skirm_French_Voltiguers"	"light_infantry_behaviour"
"Inf_Skirm_French_Voltiguers"	"wooden_stakes"
"Inf_Skirm_Jager"	"light_infantry_behaviour"
"Inf_Skirm_Jager"	"wooden_stakes"
"Inf_Skirm_Nassau_Jager"	"light_infantry_behaviour"
"Inf_Skirm_Nassau_Jager"	"wooden_stakes"
"Inf_Skirm_Nizam_I_Cedit_Rifles"	"light_infantry_behaviour"
"Inf_Skirm_Nizam_I_Cedit_Rifles"	"wooden_stakes"
"Inf_Skirm_Norwegian_Ski_Troops"	"light_infantry_behaviour"
"Inf_Skirm_Norwegian_Ski_Troops"	"wooden_stakes"
"Inf_Skirm_Portuguese_Tiradores"	"light_infantry_behaviour"
"Inf_Skirm_Portuguese_Tiradores"	"wooden_stakes"
"Inf_Skirm_Prussian_Jager"	"light_infantry_behaviour"
"Inf_Skirm_Prussian_Jager"	"wooden_stakes"
"Inf_Skirm_Prussian_Silesian_Schuetzen"	"light_infantry_behaviour"
"Inf_Skirm_Prussian_Silesian_Schuetzen"	"wooden_stakes"
"Inf_Skirm_Sharpshooters"	"light_infantry_behaviour"
"Inf_Skirm_Sharpshooters"	"wooden_stakes"
"Cav_Heavy_French_Empress_Dragoons"	"diamond_formation"
"Cav_Heavy_French_Empress_Dragoons"	"wedge_formation"
"Inf_Elite_French_Dutch_Grenadiers"	"chevaux_de_frise"
"Inf_Elite_French_Dutch_Grenadiers"	"earthworks"
"Inf_Elite_French_Dutch_Grenadiers"	"fire_and_advance"
"Inf_Elite_French_Dutch_Grenadiers"	"socket_bayonets"
"Inf_Elite_French_Dutch_Grenadiers"	"square_formation"
"Inf_Elite_French_Guard_Seamen"	"chevaux_de_frise"
"Inf_Elite_French_Guard_Seamen"	"earthworks"
"Inf_Elite_French_Guard_Seamen"	"fire_and_advance"
"Inf_Elite_French_Guard_Seamen"	"socket_bayonets"
"Inf_Elite_French_Guard_Seamen"	"square_formation"
"Cav_Lancer_French_Polish_Guard_Lancers"	"diamond_formation"
"Cav_Lancer_French_Polish_Guard_Lancers"	"wedge_formation"
"Cav_Lancer_French_Dutch_Guard_Lancers"	"diamond_formation"
"Cav_Lancer_French_Dutch_Guard_Lancers"	"wedge_formation"
"Cav_Heavy_Spanish_Coraceros_Espanoles"	"diamond_formation"
"Cav_Heavy_Spanish_Coraceros_Espanoles"	"wedge_formation"
"Cav_Lancer_French_Vistula_Uhlans"	"diamond_formation"
"Cav_Lancer_French_Vistula_Uhlans"	"wedge_formation"
"Cav_Lancer_Spanish_Guerilla_Lanceros_Guerrilla"	"diamond_formation"
"Cav_Lancer_Spanish_Guerilla_Lanceros_Guerrilla"	"wedge_formation"
"Cav_Lancer_Spanish_Lanceros"	"diamond_formation"
"Cav_Lancer_Spanish_Lanceros"	"wedge_formation"
"Cav_Light_Russian_Lifeguard_Hussars"	"diamond_formation"
"Cav_Light_Russian_Lifeguard_Hussars"	"wedge_formation"
"Inf_Elite_Russian_Semenovski_Lifeguard"	"chevaux_de_frise"
"Inf_Elite_Russian_Semenovski_Lifeguard"	"earthworks"
"Inf_Elite_Russian_Semenovski_Lifeguard"	"fire_and_advance"
"Inf_Elite_Russian_Semenovski_Lifeguard"	"socket_bayonets"
"Cav_Light_Spanish_Husares_de_Cantabria_Guerrilla"	"wedge_formation"
"Cav_Light_Spanish_Husares_de_Rioja_Guerrilla"	"diamond_formation"
"Cav_Light_Spanish_Husares_de_Rioja_Guerrilla"	"wedge_formation"
"Cav_Light_Spanish_Husares_de_Valpenas_Guerrilla"	"diamond_formation"
"Cav_Light_Spanish_Husares_de_Valpenas_Guerrilla"	"wedge_formation"
"Cav_Light_Spanish_Husares_Extremadura_Guerrilla"	"diamond_formation"
"Cav_Light_Spanish_Husares_Extremadura_Guerrilla"	"wedge_formation"
"Cav_Light_Spanish_Husares_Numantinos_Guerrilla"	"diamond_formation"
"Cav_Light_Spanish_Husares_Numantinos_Guerrilla"	"wedge_formation"
"Cav_Stand_British_Portuguese_Cavalry_Auxiliary"	"diamond_formation"
"Cav_Stand_British_Portuguese_Cavalry_Auxiliary"	"wedge_formation"
"Cav_Stand_Spanish_Voluntarios_Ciudad_Guerrilla"	"diamond_formation"
"Cav_Stand_Spanish_Voluntarios_Ciudad_Guerrilla"	"wedge_formation"
"Inf_Elite_Spanish_Walloon_Guards"	"chevaux_de_frise"
"Inf_Elite_Spanish_Walloon_Guards"	"earthworks"
"Inf_Elite_Spanish_Walloon_Guards"	"fire_and_advance"
"Inf_Elite_Spanish_Walloon_Guards"	"socket_bayonets"
"Inf_Elite_Spanish_Walloon_Guards"	"square_formation"
"Inf_Irreg_Spanish_Corso_Terrestre_Guerrilla"	"earthworks"
"Inf_Irreg_Spanish_Corso_Terrestre_Guerrilla"	"chevaux_de_frise"
"Inf_Elite_Russian_Semenovski_Lifeguard"	"square_formation"
"Inf_Elite_British_Coldstream_Guards"	"chevaux_de_frise"
"Inf_Elite_British_Coldstream_Guards"	"earthworks"
"Inf_Elite_British_Coldstream_Guards"	"fire_and_advance"
"Inf_Elite_British_Coldstream_Guards"	"socket_bayonets"
"Inf_Irreg_Spanish_Corso_Terrestre_Guerrilla"	"wooden_stakes"
"Inf_Light_British_Portuguese_Cazadores_Auxiliary"	"chevaux_de_frise"
"Inf_Light_British_Portuguese_Cazadores_Auxiliary"	"earthworks"
"Inf_Light_British_Portuguese_Cazadores_Auxiliary"	"light_infantry_behaviour"
"Inf_Light_British_Portuguese_Cazadores_Auxiliary"	"socket_bayonets"
"Inf_Light_British_Spanish_Light_Infantry_Auxiliary"	"chevaux_de_frise"
"Inf_Light_British_Spanish_Light_Infantry_Auxiliary"	"earthworks"
"Inf_Light_British_Spanish_Light_Infantry_Auxiliary"	"light_infantry_behaviour"
"Inf_Elite_British_Coldstream_Guards"	"square_formation"
"Inf_Line_Austrian_Archduke_Charles_Legion"	"chevaux_de_frise"
"Inf_Line_Austrian_Archduke_Charles_Legion"	"earthworks"
"Inf_Line_Austrian_Archduke_Charles_Legion"	"fire_and_advance"
"Inf_Line_Austrian_Archduke_Charles_Legion"	"socket_bayonets"
"Inf_Line_Austrian_Archduke_Charles_Legion"	"square_formation"
"Cav_Light_Prussian_Luetzows_Freicorps"	"diamond_formation"
"Cav_Light_Prussian_Luetzows_Freicorps"	"wedge_formation"
"Cav_Light_Prussian_Life_Hussars"	"diamond_formation"
"Cav_Light_Prussian_Life_Hussars"	"wedge_formation"
"Inf_Light_Austrian_Grenzers"	"fougasse_basic"
"Inf_Light_British_Dutch_Flanquers"	"fougasse_basic"
"Inf_Light_British_KGL_Light_Foot"	"fougasse_basic"
"Inf_Light_British_Light_Foot"	"fougasse_basic"
"Inf_Light_British_Portuguese_Cazadores_Auxiliary"	"fougasse_basic"
"Inf_Light_British_Spanish_Light_Infantry_Auxiliary"	"fougasse_basic"
"Inf_Light_Dutch_Flanquers"	"fougasse_basic"
"Inf_Light_British_Spanish_Light_Infantry_Auxiliary"	"socket_bayonets"
"Inf_Light_Spanish_Cazadores_de_Cataluna_Guerrilla"	"chevaux_de_frise"
"Inf_Light_Spanish_Cazadores_de_Cataluna_Guerrilla"	"earthworks"
"Inf_Light_Spanish_Cazadores_de_Cataluna_Guerrilla"	"light_infantry_behaviour"
"Inf_Light_Spanish_Cazadores_de_Cataluna_Guerrilla"	"socket_bayonets"
"Inf_Light_Spanish_Cazadores_Numantinos_Guerrilla"	"chevaux_de_frise"
"Inf_Light_Spanish_Cazadores_Numantinos_Guerrilla"	"earthworks"
"Inf_Light_Spanish_Cazadores_Numantinos_Guerrilla"	"light_infantry_behaviour"
"Inf_Light_Spanish_Cazadores_Numantinos_Guerrilla"	"socket_bayonets"
"Inf_Light_Spanish_Guerilla_Cazadores_Guerrilla"	"chevaux_de_frise"
"Inf_Light_Spanish_Guerilla_Cazadores_Guerrilla"	"earthworks"
"Inf_Light_Spanish_Guerilla_Cazadores_Guerrilla"	"light_infantry_behaviour"
"Inf_Light_Spanish_Guerilla_Cazadores_Guerrilla"	"socket_bayonets"
"Inf_Line_British_Portuguese_Infantry_Auxiliary"	"chevaux_de_frise"
"Inf_Line_British_Portuguese_Infantry_Auxiliary"	"earthworks"
"Inf_Line_British_Portuguese_Infantry_Auxiliary"	"fire_and_advance"
"Inf_Line_British_Portuguese_Infantry_Auxiliary"	"square_formation"
"Inf_Line_British_Portuguese_Infantry_Auxiliary"	"socket_bayonets"
"Inf_Line_British_Spanish_Fusiliers_Auxiliary"	"chevaux_de_frise"
"Inf_Line_British_Spanish_Fusiliers_Auxiliary"	"earthworks"
"Inf_Line_British_Spanish_Fusiliers_Auxiliary"	"fire_and_advance"
"Inf_Line_British_Spanish_Fusiliers_Auxiliary"	"square_formation"
"Inf_Line_British_Spanish_Fusiliers_Auxiliary"	"socket_bayonets"
"Inf_Light_Egy_Ottoman_Nizam_I_Cedit_Light_Infantry"	"fougasse_basic"
"Inf_Light_French_6th_Legere"	"fougasse_basic"
"Inf_Light_Spanish_Light_Infantry"	"chevaux_de_frise"
"Inf_Light_Spanish_Light_Infantry"	"earthworks"
"Inf_Light_Spanish_Light_Infantry"	"light_infantry_behaviour"
"Inf_Light_Spanish_Light_Infantry"	"socket_bayonets"
"Inf_Light_Spanish_Regimento_de_Arlanza_Guerrilla"	"chevaux_de_frise"
"Inf_Light_Spanish_Regimento_de_Arlanza_Guerrilla"	"earthworks"
"Inf_Light_Spanish_Regimento_de_Arlanza_Guerrilla"	"light_infantry_behaviour"
"Inf_Light_Spanish_Regimento_de_Arlanza_Guerrilla"	"socket_bayonets"
"Inf_Line_Spanish_Fusiliers"	"chevaux_de_frise"
"Inf_Line_Spanish_Fusiliers"	"earthworks"
"Inf_Line_Spanish_Fusiliers"	"fire_and_advance"
"Inf_Line_Spanish_Fusiliers"	"square_formation"
"Inf_Line_Spanish_Fusiliers"	"socket_bayonets"
"Inf_Line_Spanish_Voluntarios_de_Coruna_Guerrilla"	"chevaux_de_frise"
"Inf_Line_Spanish_Voluntarios_de_Coruna_Guerrilla"	"earthworks"
"Inf_Line_Spanish_Voluntarios_de_Coruna_Guerrilla"	"fire_and_advance"
"Inf_Line_Spanish_Voluntarios_de_Coruna_Guerrilla"	"square_formation"
"Inf_Light_French_Chasseurs"	"fougasse_basic"
"Inf_Light_Fusiliers"	"fougasse_basic"
"Inf_Light_Light_Infantry"	"fougasse_basic"
"Inf_Light_Lombardy-Cisalpine_Legion"	"fougasse_basic"
"Inf_Light_Ottoman_Nizam_I_Cedit_Light_Infantry"	"fougasse_basic"
"Inf_Light_Portuguese_Cazadores"	"fougasse_basic"
"Inf_Light_Prussian_Fusiliers"	"fougasse_basic"
"Inf_Light_Russian_17th_Jager"	"fougasse_basic"
"Inf_Light_Russian_Jager"	"fougasse_basic"
"Inf_Line_Spanish_Voluntarios_de_Coruna_Guerrilla"	"socket_bayonets"
"Inf_Line_Spanish_Voluntarios_Tietar_Guerrilla"	"chevaux_de_frise"
"Inf_Line_Spanish_Voluntarios_Tietar_Guerrilla"	"earthworks"
"Inf_Line_Spanish_Voluntarios_Tietar_Guerrilla"	"fire_and_advance"
"Inf_Line_Spanish_Voluntarios_Tietar_Guerrilla"	"square_formation"
"Inf_Line_Spanish_Voluntarios_Tietar_Guerrilla"	"socket_bayonets"
"Inf_Militia_British_Portuguese_Militia_Auxiliary"	"chevaux_de_frise"
"Inf_Militia_British_Portuguese_Militia_Auxiliary"	"earthworks"
"Inf_Militia_British_Spanish_Militia_Auxiliary"	"chevaux_de_frise"
"Inf_Militia_British_Spanish_Militia_Auxiliary"	"earthworks"
"Inf_Skirm_British_95th"	"light_infantry_behaviour"
"Inf_Skirm_British_95th"	"wooden_stakes"
"Inf_Skirm_French_Contra-Guerillas"	"light_infantry_behaviour"
"Inf_Skirm_French_Contra-Guerillas"	"wooden_stakes"
"Inf_Skirm_Spanish_Guerilla_Tiradores_Guerrilla"	"light_infantry_behaviour"
"Inf_Skirm_Spanish_Guerilla_Tiradores_Guerrilla"	"wooden_stakes"
"Inf_Skirm_Spanish_Tiradores_de_Cantabria_Guerrilla"	"light_infantry_behaviour"
"Inf_Skirm_Spanish_Tiradores_de_Cantabria_Guerrilla"	"wooden_stakes"
"Inf_Light_Spanish_Cazadores"	"fougasse_basic"
"Inf_Light_Spanish_Cazadores_de_Cataluna_Guerrilla"	"fougasse_basic"
"Inf_Light_Spanish_Cazadores_Numantinos_Guerrilla"	"fougasse_basic"
"Inf_Light_Spanish_Guerilla_Cazadores_Guerrilla"	"fougasse_basic"
"Inf_Light_Spanish_Light_Infantry"	"fougasse_basic"
"Inf_Light_Spanish_Regimento_de_Arlanza_Guerrilla"	"fougasse_basic"
"Cav_Light_British_10th_Hussars"	"diamond_formation"
"Cav_Lancer_Spanish_Lanceros_de_Castilla_Guerrilla"	"diamond_formation"
"Cav_Lancer_Spanish_Lanceros_de_Castilla_Guerrilla"	"wedge_formation"
"Cav_Lancer_Spanish_Lanceros_del_Tietar_Guerrilla"	"diamond_formation"
"Cav_Lancer_Spanish_Lanceros_del_Tietar_Guerrilla"	"wedge_formation"
"Cav_Light_British_Spanish_Hussars_Auxiliary"	"diamond_formation"
"Cav_Light_British_Spanish_Hussars_Auxiliary"	"wedge_formation"
"Cav_Light_Spanish_Guerilla_Husares_Guerrilla"	"diamond_formation"
"Cav_Light_Spanish_Guerilla_Husares_Guerrilla"	"wedge_formation"
"Cav_Light_Spanish_Husares_Burgos_Guerrilla"	"diamond_formation"
"Cav_Light_Spanish_Husares_Burgos_Guerrilla"	"wedge_formation"
"Cav_Light_Spanish_Husares_de_Cantabria_Guerrilla"	"diamond_formation"
"Cav_Light_British_10th_Hussars"	"wedge_formation"
"Cav_Heavy_Austrian_Archduke_Ferdinand_Cuirassiers"	"diamond_formation"
"Cav_Heavy_Austrian_Archduke_Ferdinand_Cuirassiers"	"wedge_formation"
"Cav_Lancer_Russian_Lifeguard_Cossacks"	"diamond_formation"
"Cav_Lancer_Russian_Lifeguard_Cossacks"	"wedge_formation"
