version 3, schema building_units_allowed_tables, guid b79a8f0a-a81e-48ea-95cc-b47bfbecd6be
Building_IDRef(string)	Unit(string)	Experience(int)	Unknown4(boolean)	unknown5(int)	unknown6(boolean)	unknown7(boolean)	unknown8(boolean)	unknown9(boolean)	unknown10(optstring)	unknown11(boolean)
"SHO_Archery_1_Archery_Dojo"	"Inf_Missile_Bow_Samurai"	0	false	1101	false	false	false	false	nil	false
"SHO_Port_1_Harbour"	"Light_Ship_Bow_Kobaya"	0	false	1102	false	false	false	false	nil	false
"SHO_Port_1_Harbour"	"Medium_Ship_Medium_Bune"	0	false	1103	false	false	false	false	nil	false
"SHO_Port_2_Trading_Port"	"Trade_Ship_Trade_Ship"	0	false	1104	false	false	false	false	nil	false
"SHO_Port_2_Trading_Port"	"Light_Ship_Bow_Kobaya"	0	false	1105	false	false	false	false	nil	false
"SHO_Port_2_Trading_Port"	"Light_Ship_Siege_Tower_Bune"	0	false	1106	false	false	false	false	nil	false
"SHO_Port_2_Trading_Port"	"Medium_Ship_Medium_Bune"	0	false	1107	false	false	false	false	nil	false
"SHO_Port_3_Military_Port"	"Light_Ship_Bow_Kobaya"	0	false	1108	false	false	false	false	nil	false
"SHO_Port_3_Military_Port"	"Light_Ship_Siege_Tower_Bune"	0	false	1109	false	false	false	false	nil	false
"SHO_Port_3_Military_Port"	"Medium_Ship_Medium_Bune"	0	false	1110	false	false	false	false	nil	false
"SHO_Port_3_Military_Port"	"Trade_Ship_Trade_Ship"	0	false	1111	false	false	false	false	nil	false
"SHO_Port_3_Military_Port"	"Light_Ship_Fire_Bomb_Kobaya"	0	false	1112	false	false	false	false	nil	false
"SHO_Port_3_Military_Port"	"Heavy_Ship_Heavy_Bune"	0	false	1113	false	false	false	false	nil	false
"SHO_Port_3_Military_Port"	"Medium_Ship_Sengoku_Bune"	0	false	1114	false	false	false	false	nil	false
"SHO_Port_4_Drydock"	"Light_Ship_Bow_Kobaya"	0	false	1115	false	false	false	false	nil	false
"SHO_Port_4_Drydock"	"Light_Ship_Fire_Bomb_Kobaya"	0	false	1116	false	false	false	false	nil	false
"SHO_Port_4_Drydock"	"Light_Ship_Matchlock_Kobaya"	0	false	1117	false	false	false	false	nil	false
"SHO_Port_4_Drydock"	"Light_Ship_Siege_Tower_Bune"	0	false	1118	false	false	false	false	nil	false
"SHO_Port_4_Drydock"	"Medium_Ship_Medium_Bune"	0	false	1119	false	false	false	false	nil	false
"SHO_Port_4_Drydock"	"Medium_Ship_Sengoku_Bune"	0	false	1120	false	false	false	false	nil	false
"SHO_Port_4_Drydock"	"Heavy_Ship_Heavy_Bune"	0	false	1121	false	false	false	false	nil	false
"SHO_Port_4_Drydock"	"Heavy_Ship_O_Ataka_Bune"	0	false	1122	false	false	false	false	nil	false
"SHO_Port_4_Drydock"	"Heavy_Ship_Nihon_Maru"	0	false	1123	false	false	false	false	nil	false
"SHO_Port_4_Drydock"	"Cannon_Ship_Cannon_Bune"	0	false	1124	false	false	false	false	nil	false
"SHO_Port_4_Drydock"	"Trade_Ship_Trade_Ship"	0	false	1125	false	false	false	false	nil	false
"SHO_Port_4_Drydock"	"Trade_Ship_Red_Seal_Ship"	0	false	1126	false	false	false	false	nil	false
"SHO_Yari_1_Drill_Yard"	"Inf_Spear_Yari_Samurai"	0	false	1128	false	false	false	false	nil	false
"SHO_Archery_2_Foot_Archery"	"Inf_Missile_Bow_Samurai"	2	false	1134	false	false	false	false	nil	false
"SHO_Archery_3_Bow_Master_Dojo"	"Inf_Missile_Bow_Samurai"	4	false	1136	false	false	false	false	nil	false
"SHO_Archery_4_Legendary_Dojo"	"Inf_Missile_Bow_Samurai"	5	false	1138	false	false	false	false	nil	false
"SHO_Archery_4_Legendary_Dojo"	"Inf_Missile_Bow_Hero"	0	false	1139	false	false	false	false	nil	false
"SHO_Buddhist_4_Legendary_Temple"	"Inf_Heavy_Naginata_Warrior_Monks"	4	false	1147	false	false	false	false	nil	false
"SHO_Buddhist_3_Temple_Complex"	"Inf_Heavy_Naginata_Warrior_Monks"	2	false	1153	false	false	false	false	nil	false
"SHO_Stealth_3_Criminal_Syndicate"	"Inf_Special_Kisho_Ninjas"	0	false	1170	false	false	false	false	nil	false
"SHO_Stealth_4_Mizu_Shobai"	"Inf_Special_Kisho_Ninjas"	0	false	1172	false	false	false	false	nil	false
"SHO_Sword_4_Legendary_Dojo"	"Inf_Sword_Katana_Hero"	0	false	1178	false	false	false	false	nil	false
"SHO_Sword_4_Legendary_Dojo"	"Inf_Sword_Nodachi_Samurai"	2	false	1179	false	false	false	false	nil	false
"SHO_Sword_4_Legendary_Dojo"	"Inf_Sword_Katana_Samurai"	2	false	1180	false	false	false	false	nil	false
"SHO_Sword_3_Master_Dojo"	"Inf_Sword_Katana_Samurai"	2	false	1183	false	false	false	false	nil	false
"SHO_Sword_3_Master_Dojo"	"Inf_Sword_Nodachi_Samurai"	2	false	1184	false	false	false	false	nil	false
"SHO_Sword_2_Nodachi"	"Inf_Sword_Katana_Samurai"	0	false	1186	false	false	false	false	nil	false
"SHO_Sword_2_Nodachi"	"Inf_Sword_Nodachi_Samurai"	0	false	1187	false	false	false	false	nil	false
"SHO_Sword_1_Sword_School"	"Inf_Sword_Katana_Samurai"	0	false	1191	false	false	false	false	nil	false
"SHO_Yari_2_Naginata_Dojo"	"Inf_Spear_Yari_Samurai"	0	false	1194	false	false	false	false	nil	false
"SHO_Yari_2_Naginata_Dojo"	"Inf_Heavy_Naginata_Samurai"	0	false	1196	false	false	false	false	nil	false
"SHO_Yari_3_Master_Dojo"	"Inf_Spear_Yari_Samurai"	2	false	1197	false	false	false	false	nil	false
"SHO_Yari_3_Master_Dojo"	"Inf_Heavy_Naginata_Samurai"	2	false	1199	false	false	false	false	nil	false
"SHO_Yari_4_Legendary_School"	"Inf_Spear_Yari_Hero"	0	false	1201	false	false	false	false	nil	false
"SHO_Yari_4_Legendary_School"	"Inf_Spear_Yari_Samurai"	2	false	1202	false	false	false	false	nil	false
"SHO_Yari_4_Legendary_School"	"Inf_Heavy_Naginata_Samurai"	2	false	1204	false	false	false	false	nil	false
"SHO_Castle_3_Fortress"	"Inf_Spear_Yari_Ashigaru"	1	false	1212	false	false	false	false	nil	false
"SHO_Castle_3_Fortress"	"Inf_Missile_Bow_Ashigaru"	1	false	1213	false	false	false	false	nil	false
"SHO_Castle_3_Fortress"	"Inf_Missile_Matchlock_Ashigaru"	1	false	1214	false	false	false	false	nil	false
"SHO_Castle_5_Citadel"	"Inf_Missile_Bow_Ashigaru"	3	false	1215	false	false	false	false	nil	false
"SHO_Castle_5_Citadel"	"Inf_Spear_Yari_Ashigaru"	3	false	1216	false	false	false	false	nil	false
"SHO_Castle_5_Citadel"	"Inf_Missile_Matchlock_Ashigaru"	3	false	1217	false	false	false	false	nil	false
"SHO_Castle_1_Fort"	"Inf_Spear_Yari_Ashigaru"	0	false	1218	false	false	false	false	nil	false
"SHO_Castle_2_Stronghold"	"Inf_Spear_Yari_Ashigaru"	0	false	1219	false	false	false	false	nil	false
"SHO_Castle_2_Stronghold"	"Inf_Missile_Bow_Ashigaru"	0	false	1220	false	false	false	false	nil	false
"SHO_Castle_4_Castle"	"Inf_Missile_Bow_Ashigaru"	2	false	1221	false	false	false	false	nil	false
"SHO_Castle_4_Castle"	"Inf_Spear_Yari_Ashigaru"	2	false	1222	false	false	false	false	nil	false
"SHO_Castle_4_Castle"	"Inf_Missile_Matchlock_Ashigaru"	2	false	1223	false	false	false	false	nil	false
"SHO_Port_4_Nanban_Quarter"	"Art_European_Cannons_Hojo"	1	false	1224	false	false	false	false	nil	false
"SHO_Sword_4_Legendary_Dojo"	"Inf_Sword_Katana_Hero_Shimazu"	0	false	1234	false	false	false	false	nil	false
"SHO_Sword_4_Legendary_Dojo"	"Inf_Sword_Katana_Samurai_Shimazu"	2	false	1246	false	false	false	false	nil	false
"SHO_Sword_3_Master_Dojo"	"Inf_Sword_Katana_Samurai_Shimazu"	2	false	1254	false	false	false	false	nil	false
"SHO_Sword_2_Nodachi"	"Inf_Sword_Katana_Samurai_Shimazu"	0	false	1258	false	false	false	false	nil	false
"SHO_Sword_1_Sword_School"	"Inf_Sword_Katana_Samurai_Shimazu"	0	false	1262	false	false	false	false	nil	false
"SHO_Castle_5_Citadel"	"Inf_Missile_Bow_Ashigaru_Oda"	3	false	1268	false	false	false	false	nil	false
"SHO_Castle_4_Castle"	"Inf_Missile_Bow_Ashigaru_Oda"	2	false	1271	false	false	false	false	nil	false
"SHO_Castle_3_Fortress"	"Inf_Missile_Bow_Ashigaru_Oda"	1	false	1278	false	false	false	false	nil	false
"SHO_Castle_2_Stronghold"	"Inf_Missile_Bow_Ashigaru_Oda"	0	false	1283	false	false	false	false	nil	false
"SHO_Castle_5_Citadel"	"Inf_Missile_Matchlock_Ashigaru_Oda"	3	false	1291	false	false	false	false	nil	false
"SHO_Castle_4_Castle"	"Inf_Missile_Matchlock_Ashigaru_Oda"	2	false	1294	false	false	false	false	nil	false
"SHO_Castle_3_Fortress"	"Inf_Missile_Matchlock_Ashigaru_Oda"	1	false	1304	false	false	false	false	nil	false
"SHO_Castle_4_Castle"	"Inf_Spear_Yari_Ashigaru_Oda"	2	false	1315	false	false	false	false	nil	false
"SHO_Castle_3_Fortress"	"Inf_Spear_Yari_Ashigaru_Oda"	1	false	1318	false	false	false	false	nil	false
"SHO_Castle_2_Stronghold"	"Inf_Spear_Yari_Ashigaru_Oda"	0	false	1319	false	false	false	false	nil	false
"SHO_Castle_1_Fort"	"Inf_Spear_Yari_Ashigaru_Oda"	0	false	1322	false	false	false	false	nil	false
"SHO_Castle_5_Citadel"	"Inf_Spear_Yari_Ashigaru_Oda"	3	false	1325	false	false	false	false	nil	false
"SHO_Sword_4_Legendary_Dojo"	"Inf_Sword_Nodachi_Samurai_Date"	2	false	1336	false	false	false	false	nil	false
"SHO_Sword_3_Master_Dojo"	"Inf_Sword_Nodachi_Samurai_Date"	2	false	1341	false	false	false	false	nil	false
"SHO_Sword_2_Nodachi"	"Inf_Sword_Nodachi_Samurai_Date"	0	false	1345	false	false	false	false	nil	false
"SHO_Buddhist_4_Legendary_Temple"	"Inf_Heavy_Naginata_Warrior_Monks_Uesugi"	4	false	1437	false	false	false	false	nil	false
"SHO_Buddhist_3_Temple_Complex"	"Inf_Heavy_Naginata_Warrior_Monks_Uesugi"	2	false	1477	false	false	false	false	nil	false
"SHO_Castle_5_Citadel"	"Inf_Missile_Bow_Ashigaru_Chosokabe"	3	false	1492	false	false	false	false	nil	false
"SHO_Castle_4_Castle"	"Inf_Missile_Bow_Ashigaru_Chosokabe"	2	false	1495	false	false	false	false	nil	false
"SHO_Castle_3_Fortress"	"Inf_Missile_Bow_Ashigaru_Chosokabe"	1	false	1496	false	false	false	false	nil	false
"SHO_Castle_2_Stronghold"	"Inf_Missile_Bow_Ashigaru_Chosokabe"	0	false	1502	false	false	false	false	nil	false
"SHO_Archery_3_Bow_Master_Dojo"	"Inf_Missile_Bow_Samurai_Chosokabe"	4	false	1510	false	false	false	false	nil	false
"SHO_Archery_2_Foot_Archery"	"Inf_Missile_Bow_Samurai_Chosokabe"	2	false	1519	false	false	false	false	nil	false
"SHO_Archery_1_Archery_Dojo"	"Inf_Missile_Bow_Samurai_Chosokabe"	0	false	1527	false	false	false	false	nil	false
"SHO_Archery_4_Legendary_Dojo"	"Inf_Missile_Bow_Hero_Chosokabe"	0	false	1530	false	false	false	false	nil	false
"SHO_Archery_4_Legendary_Dojo"	"Inf_Missile_Bow_Samurai_Chosokabe"	5	false	1540	false	false	false	false	nil	false
"SHO_Stealth_4_Mizu_Shobai"	"Inf_Special_Kisho_Ninjas_Tokugawa"	0	false	1587	false	false	false	false	nil	false
"SHO_Stealth_3_Criminal_Syndicate"	"Inf_Special_Kisho_Ninjas_Tokugawa"	0	false	1595	false	false	false	false	nil	false
"SHO_Port_4_Drydock"	"Heavy_Ship_Heavy_Bune_Mori"	0	false	1602	false	false	false	false	nil	false
"SHO_Port_3_Military_Port"	"Heavy_Ship_Heavy_Bune_Mori"	0	false	1610	false	false	false	false	nil	false
"SHO_Port_4_Drydock"	"Cannon_Ship_Cannon_Bune_Mori"	0	false	1620	false	false	false	false	nil	false
"SHO_Port_4_Drydock"	"Heavy_Ship_Nihon_Maru_Mori"	0	false	1623	false	false	false	false	nil	false
"SHO_Port_4_Drydock"	"Heavy_Ship_O_Ataka_Bune_Mori"	0	false	1633	false	false	false	false	nil	false
"SHO_Port_4_Drydock"	"Light_Ship_Siege_Tower_Bune_Mori"	0	false	1639	false	false	false	false	nil	false
"SHO_Port_4_Drydock"	"Light_Ship_Matchlock_Kobaya_Mori"	0	false	1649	false	false	false	false	nil	false
"SHO_Port_4_Drydock"	"Light_Ship_Fire_Bomb_Kobaya_Mori"	0	false	1656	false	false	false	false	nil	false
"SHO_Port_3_Military_Port"	"Light_Ship_Fire_Bomb_Kobaya_Mori"	0	false	1661	false	false	false	false	nil	false
"SHO_Port_3_Military_Port"	"Light_Ship_Siege_Tower_Bune_Mori"	0	false	1669	false	false	false	false	nil	false
"SHO_Port_3_Military_Port"	"Light_Ship_Bow_Kobaya_Mori"	0	false	1675	false	false	false	false	nil	false
"SHO_Port_2_Trading_Port"	"Light_Ship_Bow_Kobaya_Mori"	0	false	1679	false	false	false	false	nil	false
"SHO_Port_2_Trading_Port"	"Light_Ship_Siege_Tower_Bune_Mori"	0	false	1684	false	false	false	false	nil	false
"SHO_Port_1_Harbour"	"Light_Ship_Siege_Tower_Bune_Mori"	0	false	1688	false	false	false	false	nil	false
"SHO_Port_1_Harbour"	"Light_Ship_Bow_Kobaya_Mori"	0	false	1697	false	false	false	false	nil	false
"SHO_Port_4_Drydock"	"Light_Ship_Bow_Kobaya_Mori"	0	false	1707	false	false	false	false	nil	false
"SHO_Port_4_Drydock"	"Medium_Ship_Sengoku_Bune_Mori"	0	false	1712	false	false	false	false	nil	false
"SHO_Port_4_Drydock"	"Medium_Ship_Medium_Bune_Mori"	0	false	1721	false	false	false	false	nil	false
"SHO_Port_3_Military_Port"	"Medium_Ship_Sengoku_Bune_Mori"	0	false	1728	false	false	false	false	nil	false
"SHO_Port_3_Military_Port"	"Medium_Ship_Medium_Bune_Mori"	0	false	1730	false	false	false	false	nil	false
"SHO_Port_2_Trading_Port"	"Medium_Ship_Medium_Bune_Mori"	0	false	1732	false	false	false	false	nil	false
"SHO_Siege_1_Workshop"	"Inf_Special_Fire_Bomb_Throwers"	0	false	1740	false	false	false	false	nil	false
"SHO_Siege_3_Gunsmith"	"Inf_Missile_Matchlock_Samurai"	0	false	1750	false	false	false	false	"Utsunomiya"	false
"SHO_Siege_4_Arsenal"	"Art_Large_Shafted_Fire_Rockets"	0	false	1760	false	false	false	false	nil	false
"SHO_Siege_2_Powder_Maker"	"Inf_Special_Fire_Bomb_Throwers"	0	false	1768	false	false	false	false	"Utsunomiya"	false
"SHO_Siege_3_Gunsmith"	"Art_Fire_Projecting_Mangonels"	0	false	1785	false	false	false	false	nil	false
"SHO_Siege_3_Gunsmith"	"Inf_Special_Fire_Bomb_Throwers"	0	false	1786	false	false	false	false	"Utsunomiya"	false
"SHO_Siege_4_Arsenal"	"Art_Fire_Projecting_Mangonels"	2	false	1796	false	false	false	false	nil	false
"SHO_Siege_4_Arsenal"	"Inf_Special_Fire_Bomb_Throwers"	2	false	1802	false	false	false	false	"Utsunomiya"	false
"SHO_Siege_4_Arsenal"	"Inf_Missile_Matchlock_Samurai"	2	false	1803	false	false	false	false	"Utsunomiya"	false
"SHO_Buddhist_2_Monastery"	"Inf_Heavy_Naginata_Warrior_Monks"	0	false	1812	false	false	false	false	nil	false
"SHO_Buddhist_2_Monastery"	"Inf_Heavy_Naginata_Warrior_Monks_Uesugi"	0	false	1820	false	false	false	false	nil	false
"SHO_Castle_1_Fort"	"Inf_Missile_Bow_Ashigaru"	0	false	1832	false	false	false	false	nil	false
"SHO_Castle_1_Fort"	"Inf_Missile_Bow_Ashigaru_Oda"	0	false	1841	false	false	false	false	nil	false
"SHO_Castle_1_Fort"	"Inf_Missile_Bow_Ashigaru_Chosokabe"	0	false	1846	false	false	false	false	nil	false
"SHO_Castle_2_Stronghold"	"Inf_Missile_Matchlock_Ashigaru"	0	false	1855	false	false	false	false	nil	false
"SHO_Castle_2_Stronghold"	"Inf_Missile_Matchlock_Ashigaru_Oda"	0	false	1856	false	false	false	false	nil	false
"SHO_Castle_1_Fort"	"Inf_Missile_Matchlock_Ashigaru"	0	false	1865	false	false	false	false	nil	false
"SHO_Castle_1_Fort"	"Inf_Missile_Matchlock_Ashigaru_Oda"	0	false	1868	false	false	false	false	nil	false
"SHO_Buddhist_2_Monastery"	"Inf_Missile_Bow_Warrior_Monks"	0	false	1876	false	false	false	false	nil	false
"SHO_Buddhist_2_Monastery"	"Inf_Missile_Bow_Warrior_Monks_Chosokabe"	0	false	1881	false	false	false	false	nil	false
"SHO_Buddhist_2_Monastery"	"Inf_Missile_Bow_Warrior_Monks_Uesugi"	0	false	1891	false	false	false	false	nil	false
"SHO_Buddhist_3_Temple_Complex"	"Inf_Missile_Bow_Warrior_Monks"	2	false	1899	false	false	false	false	nil	false
"SHO_Buddhist_3_Temple_Complex"	"Inf_Missile_Bow_Warrior_Monks_Chosokabe"	2	false	1900	false	false	false	false	nil	false
"SHO_Buddhist_3_Temple_Complex"	"Inf_Missile_Bow_Warrior_Monks_Uesugi"	2	false	1909	false	false	false	false	nil	false
"SHO_Buddhist_4_Legendary_Temple"	"Inf_Missile_Bow_Warrior_Monks"	4	false	1912	false	false	false	false	nil	false
"SHO_Buddhist_4_Legendary_Temple"	"Inf_Missile_Bow_Warrior_Monks_Chosokabe"	4	false	1916	false	false	false	false	nil	false
"SHO_Buddhist_4_Legendary_Temple"	"Inf_Missile_Bow_Warrior_Monks_Uesugi"	4	false	1921	false	false	false	false	nil	false
"SHO_Cavalry_1_Stables"	"Cav_Spear_Light_Cavalry_Takeda"	0	false	1931	false	false	false	false	nil	false
"SHO_Cavalry_1_Stables"	"Cav_Spear_Light_Cavalry"	0	false	1933	false	false	false	false	nil	false
"SHO_Cavalry_2_Warhorse_Stables"	"Cav_Spear_Light_Cavalry"	1	false	1942	false	false	false	false	nil	false
"SHO_Cavalry_2_Warhorse_Stables"	"Cav_Spear_Light_Cavalry_Takeda"	1	false	1951	false	false	false	false	nil	false
"SHO_Cavalry_2_Warhorse_Stables"	"Cav_Missile_Bow_Cavalry"	0	false	1954	false	false	false	false	nil	false
"SHO_Cavalry_2_Warhorse_Stables"	"Cav_Missile_Bow_Cavalry_Takeda"	0	false	1964	false	false	false	false	nil	false
"SHO_Cavalry_2_Warhorse_Stables"	"Cav_Spear_Yari_Cavalry"	0	false	1967	false	false	false	false	nil	false
"SHO_Cavalry_2_Warhorse_Stables"	"Cav_Spear_Yari_Cavalry_Takeda"	0	false	1971	false	false	false	false	nil	false
"SHO_Cavalry_2_Warhorse_Stables"	"Cav_Sword_Katana_Cavalry"	0	false	1976	false	false	false	false	nil	false
"SHO_Cavalry_2_Warhorse_Stables"	"Cav_Sword_Katana_Cavalry_Takeda"	0	false	1986	false	false	false	false	nil	false
"SHO_Cavalry_3_Bajutsu_Master"	"Cav_Spear_Light_Cavalry"	2	false	1992	false	false	false	false	nil	false
"SHO_Cavalry_3_Bajutsu_Master"	"Cav_Spear_Light_Cavalry_Takeda"	2	false	1999	false	false	false	false	nil	false
"SHO_Cavalry_3_Bajutsu_Master"	"Cav_Spear_Yari_Cavalry"	2	false	2009	false	false	false	false	nil	false
"SHO_Cavalry_3_Bajutsu_Master"	"Cav_Spear_Yari_Cavalry_Takeda"	2	false	2017	false	false	false	false	nil	false
"SHO_Cavalry_3_Bajutsu_Master"	"Cav_Sword_Katana_Cavalry"	2	false	2026	false	false	false	false	nil	false
"SHO_Cavalry_3_Bajutsu_Master"	"Cav_Sword_Katana_Cavalry_Takeda"	2	false	2036	false	false	false	false	nil	false
"SHO_Cavalry_3_Bajutsu_Master"	"Cav_Missile_Bow_Cavalry"	2	false	2037	false	false	false	false	nil	false
"SHO_Cavalry_3_Bajutsu_Master"	"Cav_Missile_Bow_Cavalry_Takeda"	2	false	2038	false	false	false	false	nil	false
"SHO_Cavalry_4_Legendary_Bajutsu_Dojo"	"Cav_Missile_Bow_Cavalry"	4	false	2041	false	false	false	false	nil	false
"SHO_Cavalry_4_Legendary_Bajutsu_Dojo"	"Cav_Missile_Bow_Cavalry_Takeda"	4	false	2049	false	false	false	false	nil	false
"SHO_Cavalry_4_Legendary_Bajutsu_Dojo"	"Cav_Spear_Yari_Cavalry"	4	false	2052	false	false	false	false	nil	false
"SHO_Cavalry_4_Legendary_Bajutsu_Dojo"	"Cav_Spear_Yari_Cavalry_Takeda"	4	false	2058	false	false	false	false	nil	false
"SHO_Cavalry_4_Legendary_Bajutsu_Dojo"	"Cav_Sword_Katana_Cavalry"	4	false	2059	false	false	false	false	nil	false
"SHO_Cavalry_4_Legendary_Bajutsu_Dojo"	"Cav_Sword_Katana_Cavalry_Takeda"	4	false	2066	false	false	false	false	nil	false
"SHO_Cavalry_4_Legendary_Bajutsu_Dojo"	"Cav_Spear_Light_Cavalry"	4	false	2067	false	false	false	false	nil	false
"SHO_Cavalry_4_Legendary_Bajutsu_Dojo"	"Cav_Spear_Light_Cavalry_Takeda"	4	false	2072	false	false	false	false	nil	false
"SHO_Siege_2_Powder_Maker"	"Art_Fire_Projecting_Mangonels"	0	false	2075	false	false	false	false	nil	false
"SHO_Siege_2_Powder_Maker"	"Art_Fire_Projecting_Mangonels_Hojo"	0	false	2085	false	false	false	false	nil	false
"SHO_Siege_3_Gunsmith"	"Art_Fire_Projecting_Mangonels_Hojo"	0	false	2102	false	false	false	false	nil	false
"SHO_Siege_4_Arsenal"	"Art_Fire_Projecting_Mangonels_Hojo"	2	false	2104	false	false	false	false	nil	false
"SHO_Port_4_Nanban_Quarter"	"Inf_Missile_Imported_Matchlock_Ashigaru"	0	false	2113	false	false	false	false	nil	false
"SHO_Port_3_Nanban_Trade_Port"	"Inf_Missile_Imported_Matchlock_Ashigaru"	0	false	2127	false	false	false	false	nil	false
"SHO_Ikko_Temple_3_Jodo_Shinshu_Fortified_Monastery"	"Inf_Heavy_Naginata_Warrior_Monks_Ikko_Ikki"	2	false	2222	false	false	false	false	nil	false
"SHO_Sword_2_Nodachi"	"Inf_Sword_Nodachi_Samurai_Hattori"	0	false	2225	false	false	false	false	nil	false
"SHO_Sword_1_Sword_School"	"Inf_Sword_Katana_Samurai_Hattori"	0	false	2235	false	false	false	false	nil	false
"SHO_Yari_1_Drill_Yard"	"Inf_Spear_Yari_Samurai_Hattori"	0	false	2238	false	false	false	false	nil	false
"SHO_Siege_3_Gunsmith"	"Inf_Missile_Matchlock_Samurai_Hattori"	0	false	2244	false	false	false	false	nil	false
"SHO_Archery_1_Archery_Dojo"	"Inf_Missile_Bow_Samurai_Hattori"	0	false	2248	false	false	false	false	nil	false
"SHO_Yari_2_Naginata_Dojo"	"Inf_Heavy_Naginata_Samurai_Hattori"	0	false	2256	false	false	false	false	nil	false
"SHO_Castle_1_Fort"	"Inf_Spear_Yari_Ashigaru_Hattori"	0	false	2258	false	false	false	false	nil	false
"SHO_Castle_1_Fort"	"Inf_Missile_Matchlock_Ashigaru_Hattori"	0	false	2263	false	false	false	false	nil	false
"SHO_Castle_1_Fort"	"Inf_Missile_Bow_Ashigaru_Hattori"	0	false	2270	false	false	false	false	nil	false
"SHO_Stealth_3_Criminal_Syndicate"	"Inf_Special_Kisho_Ninjas_Hattori"	0	false	2277	false	false	false	false	nil	false
"SHO_Castle_1_Fort"	"Inf_Spear_Yari_Ashigaru_Ikko_Ikki"	0	false	2280	false	false	false	false	nil	false
"SHO_Castle_1_Fort"	"Inf_Missile_Matchlock_Ashigaru_Ikko_Ikki"	0	false	2284	false	false	false	false	nil	false
"SHO_Castle_1_Fort"	"Inf_Missile_Bow_Ashigaru_Ikko_Ikki"	0	false	2291	false	false	false	false	nil	false
"SHO_Castle_2_Stronghold"	"Inf_Spear_Yari_Ashigaru_Ikko_Ikki"	0	false	2295	false	false	false	false	nil	false
"SHO_Castle_2_Stronghold"	"Inf_Missile_Matchlock_Ashigaru_Ikko_Ikki"	0	false	2302	false	false	false	false	nil	false
"SHO_Castle_2_Stronghold"	"Inf_Missile_Bow_Ashigaru_Ikko_Ikki"	0	false	2303	false	false	false	false	nil	false
"SHO_Castle_3_Fortress"	"Inf_Spear_Yari_Ashigaru_Ikko_Ikki"	1	false	2313	false	false	false	false	nil	false
"SHO_Castle_3_Fortress"	"Inf_Missile_Matchlock_Ashigaru_Ikko_Ikki"	1	false	2322	false	false	false	false	nil	false
"SHO_Castle_3_Fortress"	"Inf_Missile_Bow_Ashigaru_Ikko_Ikki"	1	false	2332	false	false	false	false	nil	false
"SHO_Castle_4_Castle"	"Inf_Spear_Yari_Ashigaru_Ikko_Ikki"	2	false	2342	false	false	false	false	nil	false
"SHO_Castle_4_Castle"	"Inf_Missile_Matchlock_Ashigaru_Ikko_Ikki"	2	false	2351	false	false	false	false	nil	false
"SHO_Castle_4_Castle"	"Inf_Missile_Bow_Ashigaru_Ikko_Ikki"	2	false	2359	false	false	false	false	nil	false
"SHO_Castle_5_Citadel"	"Inf_Spear_Yari_Ashigaru_Ikko_Ikki"	3	false	2364	false	false	false	false	nil	false
"SHO_Castle_5_Citadel"	"Inf_Missile_Matchlock_Ashigaru_Ikko_Ikki"	3	false	2367	false	false	false	false	nil	false
"SHO_Castle_5_Citadel"	"Inf_Missile_Bow_Ashigaru_Ikko_Ikki"	3	false	2373	false	false	false	false	nil	false
"SHO_Yari_4_Legendary_School"	"Inf_Heavy_Naginata_Samurai_Hattori"	0	false	2381	false	false	false	false	nil	false
"SHO_Yari_3_Master_Dojo"	"Inf_Heavy_Naginata_Samurai_Hattori"	0	false	2389	false	false	false	false	nil	false
"SHO_Castle_2_Stronghold"	"Inf_Missile_Bow_Ashigaru_Hattori"	0	false	2392	false	false	false	false	nil	false
"SHO_Castle_3_Fortress"	"Inf_Missile_Bow_Ashigaru_Hattori"	1	false	2397	false	false	false	false	nil	false
"SHO_Castle_4_Castle"	"Inf_Missile_Bow_Ashigaru_Hattori"	2	false	2407	false	false	false	false	nil	false
"SHO_Castle_5_Citadel"	"Inf_Missile_Bow_Ashigaru_Hattori"	3	false	2413	false	false	false	false	nil	false
"SHO_Siege_4_Arsenal"	"Inf_Missile_Matchlock_Samurai_Hattori"	2	false	2419	false	false	false	false	nil	false
"SHO_Archery_4_Legendary_Dojo"	"Inf_Missile_Bow_Samurai_Hattori"	5	false	2426	false	false	false	false	nil	false
"SHO_Archery_3_Bow_Master_Dojo"	"Inf_Missile_Bow_Samurai_Hattori"	4	false	2429	false	false	false	false	nil	false
"SHO_Archery_2_Foot_Archery"	"Inf_Missile_Bow_Samurai_Hattori"	2	false	2433	false	false	false	false	nil	false
"SHO_Castle_5_Citadel"	"Inf_Missile_Matchlock_Ashigaru_Hattori"	3	false	2441	false	false	false	false	nil	false
"SHO_Castle_4_Castle"	"Inf_Missile_Matchlock_Ashigaru_Hattori"	2	false	2442	false	false	false	false	nil	false
"SHO_Castle_3_Fortress"	"Inf_Missile_Matchlock_Ashigaru_Hattori"	1	false	2445	false	false	false	false	nil	false
"SHO_Castle_2_Stronghold"	"Inf_Missile_Matchlock_Ashigaru_Hattori"	0	false	2455	false	false	false	false	nil	false
"SHO_Castle_5_Citadel"	"Inf_Spear_Yari_Ashigaru_Hattori"	3	false	2463	false	false	false	false	nil	false
"SHO_Castle_4_Castle"	"Inf_Spear_Yari_Ashigaru_Hattori"	2	false	2466	false	false	false	false	nil	false
"SHO_Castle_3_Fortress"	"Inf_Spear_Yari_Ashigaru_Hattori"	1	false	2474	false	false	false	false	nil	false
"SHO_Castle_2_Stronghold"	"Inf_Spear_Yari_Ashigaru_Hattori"	0	false	2479	false	false	false	false	nil	false
"SHO_Yari_4_Legendary_School"	"Inf_Spear_Yari_Samurai_Hattori"	0	false	2489	false	false	false	false	nil	false
"SHO_Yari_3_Master_Dojo"	"Inf_Spear_Yari_Samurai_Hattori"	0	false	2493	false	false	false	false	nil	false
"SHO_Yari_2_Naginata_Dojo"	"Inf_Spear_Yari_Samurai_Hattori"	0	false	2502	false	false	false	false	nil	false
"SHO_Sword_3_Master_Dojo"	"Inf_Sword_Nodachi_Samurai_Hattori"	0	false	2509	false	false	false	false	nil	false
"SHO_Sword_4_Legendary_Dojo"	"Inf_Sword_Nodachi_Samurai_Hattori"	0	false	2513	false	false	false	false	nil	false
"SHO_Sword_4_Legendary_Dojo"	"Inf_Sword_Katana_Samurai_Hattori"	0	false	2521	false	false	false	false	nil	false
"SHO_Sword_3_Master_Dojo"	"Inf_Sword_Katana_Samurai_Hattori"	0	false	2522	false	false	false	false	nil	false
"SHO_Sword_2_Nodachi"	"Inf_Sword_Katana_Samurai_Hattori"	0	false	2526	false	false	false	false	nil	false
"SHO_Stealth_4_Mizu_Shobai"	"Inf_Special_Kisho_Ninjas_Hattori"	0	false	2527	false	false	false	false	nil	false
"SHO_Port_3_Nanban_Trade_Port"	"Medium_Ship_Medium_Bune_Mori"	0	false	2551	false	false	false	false	nil	false
"SHO_Port_3_Nanban_Trade_Port"	"Medium_Ship_Medium_Bune"	0	false	2556	false	false	false	false	nil	false
"SHO_Port_3_Nanban_Trade_Port"	"Light_Ship_Siege_Tower_Bune_Mori"	0	false	2559	false	false	false	false	nil	false
"SHO_Port_3_Nanban_Trade_Port"	"Light_Ship_Siege_Tower_Bune"	0	false	2569	false	false	false	false	nil	false
"SHO_Port_3_Nanban_Trade_Port"	"Light_Ship_Bow_Kobaya_Mori"	0	false	2577	false	false	false	false	nil	false
"SHO_Port_3_Nanban_Trade_Port"	"Light_Ship_Bow_Kobaya"	0	false	2583	false	false	false	false	nil	false
"SHO_Port_3_Nanban_Trade_Port"	"Trade_Ship_Trade_Ship"	0	false	2592	false	false	false	false	nil	false
"SHO_Port_4_Nanban_Quarter"	"Art_European_Cannons"	1	false	2599	false	false	false	false	nil	false
"SHO_Port_4_Nanban_Quarter"	"Medium_Ship_Medium_Bune_Mori"	0	false	2602	false	false	false	false	nil	false
"SHO_Port_4_Nanban_Quarter"	"Medium_Ship_Medium_Bune"	0	false	2609	false	false	false	false	nil	false
"SHO_Port_4_Nanban_Quarter"	"Light_Ship_Siege_Tower_Bune_Mori"	0	false	2616	false	false	false	false	nil	false
"SHO_Port_4_Nanban_Quarter"	"Light_Ship_Siege_Tower_Bune"	0	false	2618	false	false	false	false	nil	false
"SHO_Port_4_Nanban_Quarter"	"Light_Ship_Bow_Kobaya_Mori"	0	false	2628	false	false	false	false	nil	false
"SHO_Port_4_Nanban_Quarter"	"Light_Ship_Bow_Kobaya"	0	false	2637	false	false	false	false	nil	false
"SHO_Port_4_Nanban_Quarter"	"Trade_Ship_Trade_Ship"	0	false	2642	false	false	false	false	nil	false
"SHO_Castle_1_Fort"	"Inf_Spear_Yari_Ashigaru_Tutorial"	0	false	2644	false	false	false	false	nil	false
"SHO_Castle_1_Fort"	"Inf_Missile_Bow_Ashigaru_Tutorial"	0	false	2647	false	false	false	false	nil	false
"SHO_Castle_2_Stronghold"	"Inf_Missile_Bow_Ashigaru_Tutorial"	0	false	2651	false	false	false	false	nil	false
"SHO_Castle_2_Stronghold"	"Inf_Spear_Yari_Ashigaru_Tutorial"	0	false	2656	false	false	false	false	nil	false
"SHO_Castle_3_Fortress"	"Inf_Missile_Bow_Ashigaru_Tutorial"	1	false	2665	false	false	false	false	nil	false
"SHO_Castle_3_Fortress"	"Inf_Spear_Yari_Ashigaru_Tutorial"	1	false	2668	false	false	false	false	nil	false
"SHO_Castle_4_Castle"	"Inf_Missile_Bow_Ashigaru_Tutorial"	2	false	2677	false	false	false	false	nil	false
"SHO_Castle_4_Castle"	"Inf_Spear_Yari_Ashigaru_Tutorial"	2	false	2679	false	false	false	false	nil	false
"SHO_Castle_5_Citadel"	"Inf_Missile_Bow_Ashigaru_Tutorial"	3	false	2687	false	false	false	false	nil	false
"SHO_Castle_5_Citadel"	"Inf_Spear_Yari_Ashigaru_Tutorial"	3	false	2694	false	false	false	false	nil	false
"SHO_Castle_1_Fort"	"Inf_Missile_Bow_Ashigaru_Tutorial_No_Cap"	0	false	2695	false	false	false	false	nil	false
"SHO_Castle_1_Fort"	"Inf_Spear_Yari_Ashigaru_Tutorial_No_Cap"	0	false	2704	false	false	false	false	nil	false
"SHO_Castle_2_Stronghold"	"Inf_Missile_Bow_Ashigaru_Tutorial_No_Cap"	0	false	2713	false	false	false	false	nil	false
"SHO_Castle_2_Stronghold"	"Inf_Spear_Yari_Ashigaru_Tutorial_No_Cap"	0	false	2715	false	false	false	false	nil	false
"SHO_Castle_3_Fortress"	"Inf_Missile_Bow_Ashigaru_Tutorial_No_Cap"	1	false	2717	false	false	false	false	nil	false
"SHO_Castle_3_Fortress"	"Inf_Spear_Yari_Ashigaru_Tutorial_No_Cap"	1	false	2725	false	false	false	false	nil	false
"SHO_Castle_4_Castle"	"Inf_Missile_Bow_Ashigaru_Tutorial_No_Cap"	2	false	2735	false	false	false	false	nil	false
"SHO_Castle_4_Castle"	"Inf_Spear_Yari_Ashigaru_Tutorial_No_Cap"	2	false	2740	false	false	false	false	nil	false
"SHO_Castle_5_Citadel"	"Inf_Missile_Bow_Ashigaru_Tutorial_No_Cap"	3	false	2747	false	false	false	false	nil	false
"SHO_Castle_5_Citadel"	"Inf_Spear_Yari_Ashigaru_Tutorial_No_Cap"	3	false	2756	false	false	false	false	nil	false
"SHO_Siege_4_Arsenal"	"Art_Large_Shafted_Fire_Rockets_Hojo"	0	false	2758	false	false	false	false	nil	false
"SHO_Siege_4_Arsenal"	"Inf_Special_Fire_Bomb_Throwers_Hojo"	2	false	2763	false	false	false	false	"Utsunomiya"	false
"SHO_Siege_3_Gunsmith"	"Inf_Special_Fire_Bomb_Throwers_Hojo"	0	false	2765	false	false	false	false	"Utsunomiya"	false
"SHO_Siege_2_Powder_Maker"	"Inf_Special_Fire_Bomb_Throwers_Hojo"	0	false	2771	false	false	false	false	"Utsunomiya"	false
"SHO_Siege_1_Workshop"	"Inf_Special_Fire_Bomb_Throwers_Hojo"	0	false	2776	false	false	false	false	nil	false
"SHO_Port_4_Nanban_Quarter"	"Galleon_Caravel"	0	false	2779	false	false	false	false	nil	false
"SHO_Port_4_Nanban_Quarter"	"Galleon_Caravel_Mori"	0	false	2784	false	false	false	false	nil	false
"SHO_Buddhist_4_Legendary_Temple"	"Inf_Heavy_Naginata_Warrior_Monk_Hero_Uesugi"	0	false	2794	false	false	false	false	nil	false
"SHO_Buddhist_4_Legendary_Temple"	"Inf_Heavy_Naginata_Warrior_Monk_Hero"	0	false	2803	false	false	false	false	nil	false
"SHO_Cavalry_3_Bajutsu_Master"	"Cav_Spear_Great_Guard"	0	false	2811	false	false	false	false	nil	false
"SHO_Cavalry_4_Legendary_Bajutsu_Dojo"	"Cav_Spear_Great_Guard"	0	false	2814	false	false	false	false	nil	false
"SHO_Ikko_Temple_2_Jodo_Shinshu_Monastery"	"Inf_Missile_Bow_Warrior_Monks_Ikko_Ikki"	1	false	2819	false	false	false	false	nil	false
"SHO_Ikko_Temple_1_Jodo_Shinshu_Temple"	"Inf_Heavy_Naginata_Warrior_Monks_Ikko_Ikki"	0	false	2824	false	false	false	false	nil	false
"SHO_Ikko_Temple_2_Jodo_Shinshu_Monastery"	"Inf_Heavy_Naginata_Warrior_Monks_Ikko_Ikki"	1	false	2833	false	false	false	false	nil	false
"SHO_Ikko_Temple_3_Jodo_Shinshu_Fortified_Monastery"	"Cav_Spear_Naginata_Warrior_Monk_Cavalry"	2	false	2839	false	false	false	false	nil	false
"SHO_Ikko_Temple_3_Jodo_Shinshu_Fortified_Monastery"	"Inf_Missile_Bow_Warrior_Monks_Ikko_Ikki"	2	false	2849	false	false	false	false	nil	false
"SHO_Ikko_Temple_4_Jodo_Shinshu_Honganji"	"Cav_Spear_Naginata_Warrior_Monk_Cavalry"	4	false	2858	false	false	false	false	nil	false
"SHO_Ikko_Temple_4_Jodo_Shinshu_Honganji"	"Inf_Heavy_Naginata_Warrior_Monk_Hero_Ikko_Ikki"	4	false	2864	false	false	false	false	nil	false
"SHO_Ikko_Temple_4_Jodo_Shinshu_Honganji"	"Inf_Missile_Bow_Warrior_Monks_Ikko_Ikki"	4	false	2867	false	false	false	false	nil	false
"SHO_Ikko_Temple_4_Jodo_Shinshu_Honganji"	"Inf_Missile_Matchlock_Warrior_Monks"	4	false	2871	false	false	false	false	nil	false
"SHO_Ikko_Temple_4_Jodo_Shinshu_Honganji"	"Inf_Heavy_Naginata_Warrior_Monks_Ikko_Ikki"	4	false	2874	false	false	false	false	nil	false
"SHO_Ikko_Temple_3_Jodo_Shinshu_Fortified_Monastery"	"Inf_Missile_Matchlock_Warrior_Monks"	2	false	2876	false	false	false	false	nil	false
"SHO_Port_4_Drydock"	"Heavy_Ship_Nihon_Maru_Mori"	0	false	2879	false	false	false	false	nil	false
"SHO_Archery_1_Archery_Dojo"	"Inf_Missile_Bow_Ronin"	0	false	2880	false	false	false	false	nil	false
"SHO_Archery_2_Foot_Archery"	"Inf_Missile_Bow_Ronin"	2	false	2888	false	false	false	false	nil	false
"SHO_Archery_3_Bow_Master_Dojo"	"Inf_Missile_Bow_Ronin"	4	false	2892	false	false	false	false	nil	false
"SHO_Sword_1_Sword_School"	"Inf_Sword_Katana_Ronin"	0	false	2899	false	false	false	false	nil	false
"SHO_Sword_2_Nodachi"	"Inf_Sword_Katana_Ronin"	1	false	2900	false	false	false	false	nil	false
"SHO_Sword_3_Master_Dojo"	"Inf_Sword_Katana_Ronin"	2	false	2901	false	false	false	false	nil	false
"SHO_Yari_3_Master_Dojo"	"Inf_Spear_Yari_Ronin"	2	false	2904	false	false	false	false	nil	false
"SHO_Yari_2_Naginata_Dojo"	"Inf_Spear_Yari_Ronin"	1	false	2912	false	false	false	false	nil	false
"SHO_Yari_1_Drill_Yard"	"Inf_Spear_Yari_Ronin"	0	false	2922	false	false	false	false	nil	false
"SHO_Archery_4_Legendary_Dojo"	"Inf_Missile_Bow_Ronin"	4	false	2928	false	false	false	false	nil	false
"SHO_Sword_4_Legendary_Dojo"	"Inf_Sword_Katana_Ronin"	2	false	2933	false	false	false	false	nil	false
"SHO_Yari_4_Legendary_School"	"Inf_Spear_Yari_Ronin"	2	false	2934	false	false	false	false	nil	false
"SHO_Buddhist_3_Temple_Complex"	"Inf_Heavy_Warrior_Nuns"	2	false	2937	false	false	false	false	nil	false
"SHO_Buddhist_4_Legendary_Temple"	"Inf_Heavy_Warrior_Nuns"	3	false	2946	false	false	false	false	nil	false
"GEM_Port_1_Coastal_Village"	"Genpei_Light_Ship_Light_Ship_Attendants"	0	false	2947	false	false	false	false	nil	false
"SHO_Ikko_Temple_2_Jodo_Shinshu_Monastery"	"Inf_Missile_Matchlock_Warrior_Monks"	1	false	2948	false	false	false	false	nil	false
"SHO_Archery_1_Archery_Dojo"	"UP1_Inf_Missile_Bandits_Hattori"	0	false	2955	false	false	false	false	nil	false
"GEM_Port_2_Harbour"	"Genpei_Trade_Ship_Trade_Ship"	0	false	2956	false	false	false	false	nil	false
"GEM_Port_2_Military_Port"	"Genpei_Light_Ship_Light_Ship_Samurai"	0	false	2959	false	false	false	false	nil	false
"SHO_Archery_1_Archery_Dojo"	"UP1_Inf_Missile_Daikyu_Samurai_Chosokabe"	0	false	2965	false	false	false	false	nil	false
"GEM_Port_2_Military_Port"	"Genpei_Medium_Ship_Medium_Ship_Samurai"	0	false	2969	false	false	false	false	nil	false
"SHO_Archery_2_Foot_Archery"	"UP1_Inf_Missile_Bandits_Hattori"	1	false	2972	false	false	false	false	nil	false
"SHO_Archery_2_Foot_Archery"	"UP1_Inf_Missile_Daikyu_Samurai_Chosokabe"	1	false	2977	false	false	false	false	nil	false
"GEM_Gov_1_Tadokoro"	"Genpei_Inf_Missile_Bow_Levy"	0	false	2980	false	false	false	false	nil	false
"SHO_Archery_3_Bow_Master_Dojo"	"UP1_Inf_Missile_Bandits_Hattori"	2	false	2987	false	false	false	false	nil	false
"SHO_Archery_3_Bow_Master_Dojo"	"UP1_Inf_Missile_Daikyu_Samurai_Chosokabe"	2	false	2989	false	false	false	false	nil	false
"SHO_Archery_4_Legendary_Dojo"	"UP1_Inf_Missile_Bandits_Hattori"	3	false	2997	false	false	false	false	nil	false
"GEM_Bushi_1_Bushi_Training_Grounds"	"Genpei_Inf_Sword_Sword_Attendants"	0	false	3002	false	false	false	false	nil	false
"SHO_Archery_4_Legendary_Dojo"	"UP1_Inf_Missile_Daikyu_Samurai_Chosokabe"	3	false	3005	false	false	false	false	nil	false
"SHO_Buddhist_2_Monastery"	"UP1_Inf_Heavy_Marathon_Monks_Uesugi"	0	false	3010	false	false	false	false	nil	false
"SHO_Buddhist_3_Temple_Complex"	"UP1_Inf_Heavy_Marathon_Monks_Uesugi"	1	false	3012	false	false	false	false	nil	false
"SHO_Buddhist_4_Legendary_Temple"	"UP1_Inf_Heavy_Marathon_Monks_Uesugi"	2	false	3014	false	false	false	false	nil	false
"SHO_Cavalry_1_Stables"	"UP1_Cav_Missile_Mounted_Gunners_Tokugawa"	0	false	3017	false	false	false	false	nil	false
"GEM_Bushi_3_Bushi_Dojo"	"Genpei_Cav_Missile_Samurai_Cavalry"	0	false	3019	false	false	false	false	nil	false
"SHO_Cavalry_1_Stables"	"UP1_Cav_Spear_Fire_Cavalry_Takeda"	0	false	3020	false	false	false	false	nil	false
"SHO_Cavalry_2_Warhorse_Stables"	"UP1_Cav_Missile_Mounted_Gunners_Tokugawa"	1	false	3026	false	false	false	false	nil	false
"SHO_Cavalry_2_Warhorse_Stables"	"UP1_Cav_Spear_Fire_Cavalry_Takeda"	1	false	3033	false	false	false	false	nil	false
"GEM_Port_1_Coastal_Village"	"Genpei_Heavy_Ship_Heavy_Ship_Attendants"	0	false	3034	false	false	false	false	nil	false
"GEM_Port_2_Military_Port"	"Genpei_Heavy_Ship_Heavy_Ship_Samurai"	0	false	3041	false	false	false	false	nil	false
"SHO_Cavalry_3_Bajutsu_Master"	"UP1_Cav_Missile_Mounted_Gunners_Tokugawa"	2	false	3042	false	false	false	false	nil	false
"GEM_Koryu_1_Koryu_Training_Grounds"	"Genpei_Inf_Heavy_Naginata_Attendants"	0	false	3044	false	false	false	false	nil	false
"SHO_Cavalry_3_Bajutsu_Master"	"UP1_Cav_Spear_Fire_Cavalry_Takeda"	2	false	3051	false	false	false	false	nil	false
"GEM_Koryu_1_Koryu_Training_Grounds"	"Genpei_Inf_Missile_Bow_Warrior_Monks"	0	false	3054	false	false	false	false	nil	false
"SHO_Cavalry_4_Legendary_Bajutsu_Dojo"	"UP1_Cav_Missile_Mounted_Gunners_Tokugawa"	3	false	3057	false	false	false	false	nil	false
"GEM_Koryu_2_Koryu_School"	"Genpei_Inf_Heavy_Naginata_Warrior_Monks"	0	false	3061	false	false	false	false	nil	false
"GEM_Koryu_4_Legendary_Koryu_Dojo"	"Genpei_Inf_Heavy_Naginata_Warrior_Monk_Hero"	1	false	3064	false	false	false	false	nil	false
"SHO_Cavalry_4_Legendary_Bajutsu_Dojo"	"UP1_Cav_Spear_Fire_Cavalry_Takeda"	3	false	3065	false	false	false	false	nil	false
"SHO_Ikko_Temple_2_Jodo_Shinshu_Monastery"	"UP1_Inf_Heavy_Marathon_Monks_Ikko_Ikki"	0	false	3067	false	false	false	false	nil	false
"SHO_Ikko_Temple_3_Jodo_Shinshu_Fortified_Monastery"	"UP1_Inf_Heavy_Marathon_Monks_Ikko_Ikki"	1	false	3070	false	false	false	false	nil	false
"GEM_Bushi_2_Bushi_School"	"Genpei_Inf_Missile_Bow_Attendants"	1	false	3078	false	false	false	false	nil	false
"SHO_Ikko_Temple_4_Jodo_Shinshu_Honganji"	"UP1_Inf_Heavy_Marathon_Monks_Ikko_Ikki"	2	false	3080	false	false	false	false	nil	false
"GEM_Bushi_2_Bushi_School"	"Genpei_Inf_Sword_Sword_Attendants"	1	false	3081	false	false	false	false	nil	false
"GEM_Bushi_3_Bushi_Dojo"	"Genpei_Inf_Missile_Bow_Attendants"	1	false	3084	false	false	false	false	nil	false
"SHO_Siege_3_Gunsmith"	"UP1_Art_Hand_Mortar_Hojo"	0	false	3086	false	false	false	false	nil	false
"GEM_Bushi_3_Bushi_Dojo"	"Genpei_Inf_Sword_Sword_Attendants"	1	false	3091	false	false	false	false	nil	false
"SHO_Siege_3_Gunsmith"	"UP1_Inf_Missile_Heavy_Gunner_Shimazu"	0	false	3095	false	false	false	false	nil	false
"GEM_Bushi_3_Bushi_Dojo"	"Genpei_Inf_Missile_Samurai_Infantry"	1	false	3097	false	false	false	false	nil	false
"SHO_Siege_4_Arsenal"	"UP1_Art_Hand_Mortar_Hojo"	1	false	3101	false	false	false	false	nil	false
"SHO_Siege_4_Arsenal"	"UP1_Inf_Missile_Heavy_Gunner_Shimazu"	1	false	3105	false	false	false	false	nil	false
"GEM_Bushi_4_Legendary_Bushi_Dojo"	"Genpei_Inf_Sword_Sword_Attendants"	2	false	3109	false	false	false	false	nil	false
"SHO_Sword_1_Sword_School"	"UP1_Inf_Sword_Wako_Raiders_Mori"	0	false	3111	false	false	false	false	nil	false
"SHO_Sword_2_Nodachi"	"UP1_Inf_Sword_Wako_Raiders_Mori"	1	false	3115	false	false	false	false	nil	false
"GEM_Bushi_4_Legendary_Bushi_Dojo"	"Genpei_Inf_Missile_Bow_Attendants"	2	false	3118	false	false	false	false	nil	false
"GEM_Bushi_4_Legendary_Bushi_Dojo"	"Genpei_Cav_Missile_Samurai_Cavalry"	1	false	3124	false	false	false	false	nil	false
"SHO_Sword_3_Master_Dojo"	"UP1_Inf_Sword_Wako_Raiders_Mori"	2	false	3125	false	false	false	false	nil	false
"SHO_Sword_4_Legendary_Dojo"	"UP1_Inf_Sword_Wako_Raiders_Mori"	3	false	3130	false	false	false	false	nil	false
"GEM_Koryu_3_Koryu_Dojo"	"Genpei_Inf_Missile_Bow_Warrior_Monks"	2	false	3131	false	false	false	false	nil	false
"SHO_Yari_1_Drill_Yard"	"UP1_Inf_Spear_Yari_Bulletproof_Samurai_Date"	0	false	3136	false	false	false	false	nil	false
"GEM_Koryu_3_Koryu_Dojo"	"Genpei_Inf_Heavy_Naginata_Attendants"	2	false	3137	false	false	false	false	nil	false
"SHO_Yari_1_Drill_Yard"	"UP1_Inf_Spear_Long_Yari_Ashigaru_Oda"	0	false	3140	false	false	false	false	nil	false
"SHO_Yari_2_Naginata_Dojo"	"UP1_Inf_Spear_Yari_Bulletproof_Samurai_Date"	1	false	3144	false	false	false	false	nil	false
"GEM_Koryu_4_Legendary_Koryu_Dojo"	"Genpei_Inf_Heavy_Naginata_Warrior_Monks"	2	false	3147	false	false	false	false	nil	false
"SHO_Yari_2_Naginata_Dojo"	"UP1_Inf_Spear_Long_Yari_Ashigaru_Oda"	1	false	3148	false	false	false	false	nil	false
"SHO_Yari_3_Master_Dojo"	"UP1_Inf_Spear_Yari_Bulletproof_Samurai_Date"	2	false	3156	false	false	false	false	nil	false
"SHO_Yari_3_Master_Dojo"	"UP1_Inf_Spear_Long_Yari_Ashigaru_Oda"	2	false	3165	false	false	false	false	nil	false
"SHO_Yari_4_Legendary_School"	"UP1_Inf_Spear_Yari_Bulletproof_Samurai_Date"	4	false	3169	false	false	false	false	nil	false
"SHO_Yari_4_Legendary_School"	"UP1_Inf_Spear_Long_Yari_Ashigaru_Oda"	3	false	3170	false	false	false	false	nil	false
"GEM_Port_2_Military_Port"	"Genpei_Medium_Ship_Medium_Ship_Attendants"	1	false	3172	false	false	false	false	nil	false
"GEM_Port_2_Military_Port"	"Genpei_Light_Ship_Light_Ship_Attendants"	1	false	3180	false	false	false	false	nil	false
"GEM_Port_3_Drydock"	"Genpei_Light_Ship_Light_Ship_Attendants"	3	false	3187	false	false	false	false	nil	false
"GEM_Port_3_Drydock"	"Genpei_Medium_Ship_Medium_Ship_Attendants"	3	false	3196	false	false	false	false	nil	false
"GEM_Port_3_Drydock"	"Genpei_Heavy_Ship_Heavy_Ship_Attendants"	3	false	3201	false	false	false	false	nil	false
"GEM_Port_3_Drydock"	"Genpei_Heavy_Ship_Heavy_Ship_Samurai"	2	false	3209	false	false	false	false	nil	false
"GEM_Port_3_Drydock"	"Genpei_Medium_Ship_Medium_Ship_Samurai"	2	false	3212	false	false	false	false	nil	false
"GEM_Port_3_Drydock"	"Genpei_Light_Ship_Light_Ship_Samurai"	2	false	3216	false	false	false	false	nil	false
"GEM_Port_2_Harbour"	"Genpei_Heavy_Ship_Heavy_Ship_Attendants"	0	false	3217	false	false	false	false	nil	false
"GEM_Port_2_Harbour"	"Genpei_Medium_Ship_Medium_Ship_Attendants"	0	false	3218	false	false	false	false	nil	false
"GEM_Port_2_Harbour"	"Genpei_Light_Ship_Light_Ship_Attendants"	0	false	3221	false	false	false	false	nil	false
"GEM_Port_3_Trading_Port"	"Genpei_Heavy_Ship_Heavy_Ship_Attendants"	1	false	3223	false	false	false	false	nil	false
"GEM_Port_3_Trading_Port"	"Genpei_Medium_Ship_Medium_Ship_Attendants"	1	false	3224	false	false	false	false	nil	false
"GEM_Port_3_Trading_Port"	"Genpei_Light_Ship_Light_Ship_Attendants"	1	false	3233	false	false	false	false	nil	false
"GEM_Gov_2_Muster_Field"	"Genpei_Inf_Heavy_Naginata_Levy"	0	false	3236	false	false	false	false	nil	false
"GEM_Gov_2_Muster_Field"	"Genpei_Inf_Missile_Bow_Levy"	0	false	3240	false	false	false	false	nil	false
"GEM_Gov_3_Militia_Hall"	"Genpei_Inf_Heavy_Naginata_Levy"	1	false	3250	false	false	false	false	nil	false
"GEM_Gov_3_Militia_Hall"	"Genpei_Inf_Missile_Bow_Levy"	1	false	3254	false	false	false	false	nil	false
"GEM_Gov_4_Kondeidokoro"	"Genpei_Inf_Heavy_Naginata_Levy"	2	false	3255	false	false	false	false	nil	false
"GEM_Gov_4_Kondeidokoro"	"Genpei_Inf_Missile_Bow_Levy"	2	false	3263	false	false	false	false	nil	false
"GEM_Gov_2_Training_Grounds"	"Genpei_Inf_Heavy_Naginata_Levy"	0	false	3273	false	false	false	false	nil	false
"GEM_Gov_2_Training_Grounds"	"Genpei_Inf_Missile_Bow_Levy"	0	false	3274	false	false	false	false	nil	false
"GEM_Gov_3_Barracks"	"Genpei_Inf_Heavy_Naginata_Levy"	1	false	3276	false	false	false	false	nil	false
"GEM_Gov_3_Barracks"	"Genpei_Inf_Missile_Bow_Levy"	1	false	3286	false	false	false	false	nil	false
"GEM_Gov_4_Arsenal"	"Genpei_Inf_Heavy_Naginata_Levy"	2	false	3293	false	false	false	false	nil	false
"GEM_Gov_4_Arsenal"	"Genpei_Inf_Missile_Bow_Levy"	2	false	3299	false	false	false	false	nil	false
"GEM_Port_3_Trading_Port"	"Genpei_Trade_Ship_Trade_Ship"	3	false	3303	false	false	false	false	nil	false
"GEM_Koryu_3_Koryu_Dojo"	"Genpei_Cav_Spear_Naginata_Cavalry"	0	false	3313	false	false	false	false	nil	false
"GEM_Koryu_4_Legendary_Koryu_Dojo"	"Genpei_Cav_Spear_Naginata_Cavalry"	1	false	3315	false	false	false	false	nil	false
"GEM_Koryu_3_Koryu_Dojo"	"Genpei_Inf_Heavy_Tetsubo_Warrior_Monks"	0	false	3321	false	false	false	false	nil	false
"GEM_Koryu_4_Legendary_Koryu_Dojo"	"Genpei_Inf_Heavy_Tetsubo_Warrior_Monks"	1	false	3331	false	false	false	false	nil	false
"GEM_Gov_3_Barracks"	"Genpei_Inf_Special_Fire_Bomb_Throwers"	0	false	3337	false	false	false	false	nil	false
"SHO_Yari_1_Drill_Yard"	"UP1_Inf_Spear_Yari_Bulletproof_Samurai_Date"	0	false	3339	false	false	false	false	nil	false
"SHO_Yari_2_Naginata_Dojo"	"UP1_Inf_Spear_Yari_Bulletproof_Samurai_Date"	1	false	3345	false	false	false	false	nil	false
"SHO_Yari_3_Master_Dojo"	"UP1_Inf_Spear_Yari_Bulletproof_Samurai_Date"	2	false	3348	false	false	false	false	nil	false
"SHO_Yari_4_Legendary_School"	"UP1_Inf_Spear_Yari_Bulletproof_Samurai_Date"	4	false	3353	false	false	false	false	nil	false
"SHO_Ikko_Temple_2_Jodo_Shinshu_Monastery"	"UP1_Inf_Heavy_Marathon_Monks_Ikko_Ikki"	0	false	3360	false	false	false	false	nil	false
"SHO_Ikko_Temple_3_Jodo_Shinshu_Fortified_Monastery"	"UP1_Inf_Heavy_Marathon_Monks_Ikko_Ikki"	1	false	3367	false	false	false	false	nil	false
"SHO_Ikko_Temple_4_Jodo_Shinshu_Honganji"	"UP1_Inf_Heavy_Marathon_Monks_Ikko_Ikki"	2	false	3369	false	false	false	false	nil	false
"SHO_Buddhist_2_Monastery"	"UP1_Inf_Heavy_Marathon_Monks_Uesugi"	0	false	3383	false	false	false	false	nil	false
"SHO_Buddhist_3_Temple_Complex"	"UP1_Inf_Heavy_Marathon_Monks_Uesugi"	1	false	3389	false	false	false	false	nil	false
"SHO_Buddhist_4_Legendary_Temple"	"UP1_Inf_Heavy_Marathon_Monks_Uesugi"	2	false	3393	false	false	false	false	nil	false
"SHO_Siege_3_Gunsmith"	"UP1_Art_Hand_Mortar_Hojo"	0	false	3394	false	false	false	false	nil	false
"SHO_Siege_4_Arsenal"	"UP1_Art_Hand_Mortar_Hojo"	1	false	3395	false	false	false	false	nil	false
"SHO_Siege_4_Arsenal"	"UP1_Inf_Missile_Heavy_Gunner_Shimazu"	1	false	3397	false	false	false	false	nil	false
"SHO_Siege_3_Gunsmith"	"UP1_Inf_Missile_Heavy_Gunner_Shimazu"	0	false	3402	false	false	false	false	nil	false
"SHO_Sword_1_Sword_School"	"UP1_Inf_Sword_Wako_Raiders_Mori"	0	false	3407	false	false	false	false	nil	false
"SHO_Sword_2_Nodachi"	"UP1_Inf_Sword_Wako_Raiders_Mori"	1	false	3416	false	false	false	false	nil	false
"SHO_Sword_3_Master_Dojo"	"UP1_Inf_Sword_Wako_Raiders_Mori"	2	false	3423	false	false	false	false	nil	false
"SHO_Sword_4_Legendary_Dojo"	"UP1_Inf_Sword_Wako_Raiders_Mori"	3	false	3431	false	false	false	false	nil	false
"SHO_Cavalry_1_Stables"	"UP1_Cav_Missile_Mounted_Gunners_Tokugawa"	0	false	3439	false	false	false	false	nil	false
"SHO_Cavalry_2_Warhorse_Stables"	"UP1_Cav_Missile_Mounted_Gunners_Tokugawa"	1	false	3443	false	false	false	false	nil	false
"SHO_Cavalry_3_Bajutsu_Master"	"UP1_Cav_Missile_Mounted_Gunners_Tokugawa"	2	false	3450	false	false	false	false	nil	false
"SHO_Cavalry_4_Legendary_Bajutsu_Dojo"	"UP1_Cav_Missile_Mounted_Gunners_Tokugawa"	3	false	3456	false	false	false	false	nil	false
"SHO_Archery_1_Archery_Dojo"	"UP1_Inf_Missile_Bandits_Hattori"	0	false	3464	false	false	false	false	nil	false
"SHO_Archery_2_Foot_Archery"	"UP1_Inf_Missile_Bandits_Hattori"	1	false	3468	false	false	false	false	nil	false
"SHO_Archery_3_Bow_Master_Dojo"	"UP1_Inf_Missile_Bandits_Hattori"	2	false	3473	false	false	false	false	nil	false
"SHO_Archery_4_Legendary_Dojo"	"UP1_Inf_Missile_Bandits_Hattori"	3	false	3474	false	false	false	false	nil	false
"SHO_Yari_1_Drill_Yard"	"UP1_Inf_Spear_Long_Yari_Ashigaru_Oda"	0	false	3475	false	false	false	false	nil	false
"SHO_Yari_2_Naginata_Dojo"	"UP1_Inf_Spear_Long_Yari_Ashigaru_Oda"	1	false	3480	false	false	false	false	nil	false
"SHO_Yari_3_Master_Dojo"	"UP1_Inf_Spear_Long_Yari_Ashigaru_Oda"	2	false	3485	false	false	false	false	nil	false
"SHO_Yari_4_Legendary_School"	"UP1_Inf_Spear_Long_Yari_Ashigaru_Oda"	3	false	3494	false	false	false	false	nil	false
"SHO_Cavalry_4_Legendary_Bajutsu_Dojo"	"UP1_Cav_Spear_Fire_Cavalry_Takeda"	3	false	3501	false	false	false	false	nil	false
"SHO_Cavalry_3_Bajutsu_Master"	"UP1_Cav_Spear_Fire_Cavalry_Takeda"	2	false	3510	false	false	false	false	nil	false
"SHO_Cavalry_2_Warhorse_Stables"	"UP1_Cav_Spear_Fire_Cavalry_Takeda"	1	false	3511	false	false	false	false	nil	false
"SHO_Cavalry_1_Stables"	"UP1_Cav_Spear_Fire_Cavalry_Takeda"	0	false	3515	false	false	false	false	nil	false
"SHO_Archery_4_Legendary_Dojo"	"UP1_Inf_Missile_Daikyu_Samurai_Chosokabe"	3	false	3520	false	false	false	false	nil	false
"SHO_Archery_3_Bow_Master_Dojo"	"UP1_Inf_Missile_Daikyu_Samurai_Chosokabe"	2	false	3522	false	false	false	false	nil	false
"SHO_Archery_2_Foot_Archery"	"UP1_Inf_Missile_Daikyu_Samurai_Chosokabe"	1	false	3523	false	false	false	false	nil	false
"SHO_Archery_1_Archery_Dojo"	"UP1_Inf_Missile_Daikyu_Samurai_Chosokabe"	0	false	3525	false	false	false	false	nil	false
"GEM_Koryu_2_Koryu_School"	"Genpei_Inf_Heavy_Naginata_Attendants"	1	false	3529	false	false	false	false	nil	false
"GEM_Koryu_3_Koryu_Dojo"	"Genpei_Inf_Heavy_Naginata_Warrior_Monks"	1	false	3532	false	false	false	false	nil	false
"GEM_Koryu_4_Legendary_Koryu_Dojo"	"Genpei_Inf_Heavy_Naginata_Attendants"	3	false	3541	false	false	false	false	nil	false
"GEM_Koryu_4_Legendary_Koryu_Dojo"	"Genpei_Inf_Missile_Bow_Warrior_Monks"	3	false	3542	false	false	false	false	nil	false
"GEM_Bushi_4_Legendary_Bushi_Dojo"	"Genpei_Cav_Missile_Samurai_Hero"	1	false	3546	false	false	false	false	nil	false
"GEM_Gov_4_Arsenal"	"Genpei_Inf_Special_Fire_Bomb_Throwers"	1	false	3553	false	false	false	false	nil	false
"GEM_Bushi_4_Legendary_Bushi_Dojo"	"Genpei_Inf_Missile_Samurai_Infantry"	3	false	3555	false	false	false	false	nil	false
"GEM_Gov_1_Tadokoro"	"Genpei_Inf_Heavy_Naginata_Levy"	0	false	3561	false	false	false	false	nil	false
"GEM_Port_3_Drydock"	"Genpei_Medium_Ship_Fire_Bomb_Medium_Ship"	1	false	3564	false	false	false	false	nil	false
"GEM_Bushi_1_Bushi_Training_Grounds"	"Genpei_Inf_Missile_Bow_Attendants"	0	false	3571	false	false	false	false	nil	false
"GEM_Koryu_4_Legendary_Koryu_Dojo"	"Genpei_Cav_Missile_Onna_Bushi_Heroine"	1	false	3574	false	false	false	false	nil	false
"GEM_Port_2_Military_Port"	"Genpei_Heavy_Ship_Heavy_Ship_Attendants"	1	false	3592	false	false	false	false	nil	false
"GEM_Bushi_2_Bushi_School"	"Genpei_Inf_Missile_Samurai_Infantry"	0	false	3597	false	false	false	false	nil	false
"GEM_Koryu_2_Koryu_School"	"Genpei_Inf_Missile_Bow_Warrior_Monks"	1	false	3599	false	false	false	false	nil	false
"SHO_Castle_5_Citadel"	"Inf_Sword_Katana_Ashigaru"	3	false	3607	false	false	false	false	nil	false
"SHO_Castle_4_Castle"	"Inf_Sword_Katana_Ashigaru"	2	false	3611	false	false	false	false	nil	false
"SHO_Castle_3_Fortress"	"Inf_Sword_Katana_Ashigaru"	1	false	3619	false	false	false	false	nil	false
"SHO_Castle_2_Stronghold"	"Inf_Sword_Katana_Ashigaru"	0	false	3624	false	false	false	false	nil	false
"SHO_Castle_1_Fort"	"Inf_Sword_Katana_Ashigaru"	0	false	3628	false	false	false	false	nil	false
"bos_port_1_harbour"	"Boshin_Gun_Boat_Chiyodagata"	0	false	3987	false	false	false	false	nil	false
"bos_port_1_harbour"	"Boshin_Torpedo_Boat_Chiyodagata"	0	false	3988	false	false	false	false	nil	false
"bos_port_1_harbour"	"Boshin_Corvette_Kaiten"	0	false	3989	false	false	false	false	nil	false
"bos_port_2_port"	"Boshin_Gun_Boat_Chiyodagata"	0	false	3990	false	false	false	false	nil	false
"bos_port_2_port"	"Boshin_Torpedo_Boat_Chiyodagata"	0	false	3991	false	false	false	false	nil	false
"bos_port_2_port"	"Boshin_Corvette_Kaiten"	0	false	3992	false	false	false	false	nil	false
"bos_port_2_port"	"Boshin_Corvette_Kasuga"	0	false	3993	false	false	false	false	nil	false
"bos_port_2_port"	"Boshin_Corvette_Kanko_Maru"	0	false	3994	false	false	false	false	nil	false
"bos_port_2_port"	"Boshin_Corvette_Kanrin_Maru"	0	false	3995	false	false	false	false	nil	false
"bos_port_2_port"	"Boshin_Frigate_Kaiyo_Maru"	0	false	3996	false	false	false	false	nil	false
"bos_port_3_military_port"	"Boshin_Gun_Boat_Chiyodagata"	0	false	3997	false	false	false	false	nil	false
"bos_port_3_military_port"	"Boshin_Torpedo_Boat_Chiyodagata"	0	false	3998	false	false	false	false	nil	false
"bos_port_3_military_port"	"Boshin_Corvette_Kaiten_Copper_Plated"	0	false	3999	false	false	false	false	nil	false
"bos_port_3_military_port"	"Boshin_Corvette_Kasuga_Copper_Plated"	0	false	4000	false	false	false	false	nil	false
"bos_port_3_military_port"	"Boshin_Corvette_Kanko_Maru_Copper_Plated"	0	false	4001	false	false	false	false	nil	false
"bos_port_3_military_port"	"Boshin_Corvette_Kanrin_Maru_Copper_Plated"	0	false	4002	false	false	false	false	nil	false
"bos_port_3_military_port"	"Boshin_Frigate_Kaiyo_Maru_Copper_Plated"	0	false	4003	false	false	false	false	nil	false
"bos_port_3_trading_port"	"Boshin_Gun_Boat_Chiyodagata"	0	false	4004	false	false	false	false	nil	false
"bos_port_3_trading_port"	"Boshin_Torpedo_Boat_Chiyodagata"	0	false	4005	false	false	false	false	nil	false
"bos_port_3_trading_port"	"Boshin_Corvette_Kaiten"	0	false	4006	false	false	false	false	nil	false
"bos_port_3_trading_port"	"Boshin_Corvette_Kasuga"	0	false	4007	false	false	false	false	nil	false
"bos_port_3_trading_port"	"Boshin_Corvette_Kanko_Maru"	0	false	4008	false	false	false	false	nil	false
"bos_port_3_trading_port"	"Boshin_Corvette_Kanrin_Maru"	0	false	4009	false	false	false	false	nil	false
"bos_port_3_trading_port"	"Boshin_Frigate_Kaiyo_Maru"	0	false	4010	false	false	false	false	nil	false
"bos_port_4_drydock"	"Boshin_Gun_Boat_Chiyodagata"	0	false	4011	false	false	false	false	nil	false
"bos_port_4_drydock"	"Boshin_Torpedo_Boat_Chiyodagata"	0	false	4012	false	false	false	false	nil	false
"bos_port_4_drydock"	"Boshin_Corvette_Kaiten_Iron_Plated"	0	false	4013	false	false	false	false	nil	false
"bos_port_4_drydock"	"Boshin_Corvette_Kasuga_Iron_Plated"	0	false	4014	false	false	false	false	nil	false
"bos_port_4_drydock"	"Boshin_Corvette_Kanko_Maru_Iron_Plated"	0	false	4015	false	false	false	false	nil	false
"bos_port_4_drydock"	"Boshin_Corvette_Kanrin_Maru_Iron_Plated"	0	false	4016	false	false	false	false	nil	false
"bos_port_4_drydock"	"Boshin_Frigate_Kaiyo_Maru_Iron_Plated"	0	false	4017	false	false	false	false	nil	false
"bos_port_4_drydock"	"Boshin_Ironclad_Kotetsu"	0	false	4018	false	false	false	false	nil	false
"bos_port_4_british_trading_district"	"Boshin_Gun_Boat_Chiyodagata"	0	false	4019	false	false	false	false	nil	false
"bos_port_4_british_trading_district"	"Boshin_Torpedo_Boat_Chiyodagata"	0	false	4020	false	false	false	false	nil	false
"bos_port_4_british_trading_district"	"Boshin_Ironclad_HMS_Warrior"	0	false	4021	false	false	false	false	nil	false
"bos_port_4_british_trading_district"	"Boshin_Corvette_Kaiten"	0	false	4022	false	false	false	false	nil	false
"bos_port_4_british_trading_district"	"Boshin_Corvette_Kasuga"	0	false	4023	false	false	false	false	nil	false
"bos_port_4_british_trading_district"	"Boshin_Corvette_Kanko_Maru"	0	false	4024	false	false	false	false	nil	false
"bos_port_4_british_trading_district"	"Boshin_Corvette_Kanrin_Maru"	0	false	4025	false	false	false	false	nil	false
"bos_port_4_british_trading_district"	"Boshin_Frigate_Kaiyo_Maru"	0	false	4026	false	false	false	false	nil	false
"bos_port_4_american_trading_district"	"Boshin_Gun_Boat_Chiyodagata"	0	false	4027	false	false	false	false	nil	false
"bos_port_4_american_trading_district"	"Boshin_Torpedo_Boat_Chiyodagata"	0	false	4028	false	false	false	false	nil	false
"bos_port_4_american_trading_district"	"Boshin_Ironclad_USS_Roanoke"	0	false	4029	false	false	false	false	nil	false
"bos_port_4_american_trading_district"	"Boshin_Corvette_Kaiten"	0	false	4030	false	false	false	false	nil	false
"bos_port_4_american_trading_district"	"Boshin_Corvette_Kasuga"	0	false	4031	false	false	false	false	nil	false
"bos_port_4_american_trading_district"	"Boshin_Corvette_Kanko_Maru"	0	false	4032	false	false	false	false	nil	false
"bos_port_4_american_trading_district"	"Boshin_Corvette_Kanrin_Maru"	0	false	4033	false	false	false	false	nil	false
"bos_port_4_american_trading_district"	"Boshin_Frigate_Kaiyo_Maru"	0	false	4034	false	false	false	false	nil	false
"bos_port_4_french_trading_district"	"Boshin_Gun_Boat_Chiyodagata"	0	false	4035	false	false	false	false	nil	false
"bos_port_4_french_trading_district"	"Boshin_Torpedo_Boat_Chiyodagata"	0	false	4036	false	false	false	false	nil	false
"bos_port_4_french_trading_district"	"Boshin_Ironclad_L'Ocean"	0	false	4037	false	false	false	false	nil	false
"bos_port_4_french_trading_district"	"Boshin_Corvette_Kaiten"	0	false	4038	false	false	false	false	nil	false
"bos_port_4_french_trading_district"	"Boshin_Corvette_Kasuga"	0	false	4039	false	false	false	false	nil	false
"bos_port_4_french_trading_district"	"Boshin_Corvette_Kanko_Maru"	0	false	4040	false	false	false	false	nil	false
"bos_port_4_french_trading_district"	"Boshin_Corvette_Kanrin_Maru"	0	false	4041	false	false	false	false	nil	false
"bos_port_4_french_trading_district"	"Boshin_Frigate_Kaiyo_Maru"	0	false	4042	false	false	false	false	nil	false
"bos_port_4_british_trading_district"	"Boshin_Inf_Elite_Royal_Marines"	0	false	4043	false	false	false	false	nil	false
"bos_port_4_american_trading_district"	"Boshin_Inf_Elite_United_States_Marines"	0	false	4044	false	false	false	false	nil	false
"bos_port_4_french_trading_district"	"Boshin_Inf_Elite_Infanterie_de_marine"	0	false	4045	false	false	false	false	nil	false
"bos_traditional_1_traditional_dojo"	"Boshin_Inf_Missile_Matchlock_Kachi"	0	false	4046	false	false	false	false	nil	false
"bos_traditional_2_samurai_dojo"	"Boshin_Inf_Missile_Matchlock_Kachi"	0	false	4048	false	false	false	false	nil	false
"bos_traditional_2_samurai_dojo"	"Boshin_Inf_Sword_Katana_Kachi"	0	false	4049	false	false	false	false	nil	false
"bos_traditional_2_samurai_dojo"	"Boshin_Inf_Spear_Yari_Kachi"	0	false	4050	false	false	false	false	nil	false
"bos_traditional_3_samurai_master_dojo"	"Boshin_Inf_Missile_Bow_Kachi"	1	false	4052	false	false	false	false	nil	false
"bos_traditional_3_samurai_master_dojo"	"Boshin_Inf_Sword_Katana_Kachi"	1	false	4053	false	false	false	false	nil	false
"bos_traditional_3_samurai_master_dojo"	"Boshin_Inf_Spear_Yari_Kachi"	1	false	4054	false	false	false	false	nil	false
"bos_traditional_3_samurai_master_dojo"	"Boshin_Inf_Missile_Matchlock_Kachi"	1	false	4055	false	false	false	false	nil	false
"bos_traditional_3_samurai_master_dojo"	"Boshin_Inf_Sword_Shogitai"	0	false	4056	false	false	false	false	nil	false
"bos_traditional_3_samurai_master_dojo"	"Boshin_Inf_Line_Shinsengumi"	0	false	4057	false	false	false	false	nil	false
"bos_traditional_3_samurai_master_dojo"	"Boshin_Cav_Missile_Bow_Ki"	1	false	4058	false	false	false	false	nil	false
"bos_traditional_3_samurai_master_dojo"	"Boshin_Cav_Spear_Yari_Ki"	1	false	4059	false	false	false	false	nil	false
"bos_traditional_4_legendary_samurai_master_dojo"	"Boshin_Inf_Missile_Bow_Kachi"	3	false	4061	false	false	false	false	nil	false
"bos_traditional_4_legendary_samurai_master_dojo"	"Boshin_Inf_Sword_Katana_Kachi"	3	false	4062	false	false	false	false	nil	false
"bos_traditional_4_legendary_samurai_master_dojo"	"Boshin_Inf_Spear_Yari_Kachi"	3	false	4063	false	false	false	false	nil	false
"bos_traditional_4_legendary_samurai_master_dojo"	"Boshin_Inf_Missile_Matchlock_Kachi"	3	false	4064	false	false	false	false	nil	false
"bos_traditional_4_legendary_samurai_master_dojo"	"Boshin_Inf_Sword_Shogitai"	3	false	4065	false	false	false	false	nil	false
"bos_traditional_4_legendary_samurai_master_dojo"	"Boshin_Cav_Missile_Bow_Ki"	3	false	4066	false	false	false	false	nil	false
"bos_traditional_4_legendary_samurai_master_dojo"	"Boshin_Inf_Line_Shinsengumi"	3	false	4067	false	false	false	false	nil	false
"bos_traditional_4_legendary_samurai_master_dojo"	"Boshin_Cav_Spear_Yari_Ki"	3	false	4068	false	false	false	false	nil	false
"bos_artillery_1_artillery_range"	"Boshin_Art_Wooden_Cannons"	0	false	4069	false	false	false	false	nil	false
"bos_artillery_2_artillery_school"	"Boshin_Art_Wooden_Cannons"	0	false	4070	false	false	false	false	nil	false
"bos_artillery_2_artillery_school"	"Boshin_Art_Parrot_Guns"	0	false	4071	false	false	false	false	nil	false
"bos_artillery_3_artillery_academy"	"Boshin_Art_Wooden_Cannons"	0	false	4072	false	false	false	false	nil	false
"bos_artillery_3_artillery_academy"	"Boshin_Art_Parrot_Guns"	0	false	4073	false	false	false	false	nil	false
"bos_artillery_3_artillery_academy"	"Boshin_Art_Armstrong_Guns"	0	false	4074	false	false	false	false	nil	false
"bos_artillery_4_arsenal"	"Boshin_Art_Wooden_Cannons"	2	false	4075	false	false	false	false	nil	false
"bos_artillery_4_arsenal"	"Boshin_Art_Parrot_Guns"	2	false	4076	false	false	false	false	nil	false
"bos_artillery_4_arsenal"	"Boshin_Art_Armstrong_Guns"	2	false	4077	false	false	false	false	nil	false
"bos_artillery_4_arsenal"	"Boshin_Art_Gatling_Guns"	0	false	4078	false	false	false	false	nil	false
"bos_castle_2_stronghold"	"Boshin_Inf_Spear_Levy"	0	false	4124	false	false	false	false	nil	false
"bos_castle_3_fortress"	"Boshin_Inf_Spear_Levy"	0	false	4133	false	false	false	false	nil	false
"bos_castle_4_castle"	"Boshin_Inf_Spear_Levy"	0	false	4136	false	false	false	false	nil	false
"bos_castle_5_citadel"	"Boshin_Inf_Spear_Levy"	0	false	4138	false	false	false	false	nil	false
"bos_castle_6_star_fort"	"Boshin_Inf_Spear_Levy"	3	false	4142	false	false	false	false	nil	false
"bos_castle_2_stronghold"	"Boshin_Inf_Militia_Levy_Infantry"	0	false	4157	false	false	false	false	nil	false
"bos_castle_3_fortress"	"Boshin_Inf_Militia_Levy_Infantry"	0	false	4161	false	false	false	false	nil	false
"bos_castle_4_castle"	"Boshin_Inf_Militia_Levy_Infantry"	0	false	4168	false	false	false	false	nil	false
"bos_castle_5_citadel"	"Boshin_Inf_Militia_Levy_Infantry"	0	false	4172	false	false	false	false	nil	false
"bos_castle_6_star_fort"	"Boshin_Inf_Militia_Levy_Infantry"	3	false	4181	false	false	false	false	nil	false
"bos_traditional_1_traditional_dojo"	"Boshin_Cav_Spear_Yari_Ki"	0	false	4190	false	false	false	false	nil	false
"bos_traditional_2_samurai_dojo"	"Boshin_Cav_Spear_Yari_Ki"	0	false	4193	false	false	false	false	nil	false
"bos_traditional_3_samurai_master_dojo"	"Boshin_Inf_Special_Kisho_Ninjas"	1	false	4198	false	false	false	false	nil	false
"bos_traditional_4_legendary_samurai_master_dojo"	"Boshin_Inf_Special_Kisho_Ninjas"	3	false	4208	false	false	false	false	nil	false
"bos_traditional_1_traditional_dojo"	"Boshin_Inf_Spear_Yari_Kachi"	0	false	4212	false	false	false	false	nil	false
"bos_traditional_2_samurai_dojo"	"Boshin_Inf_Missile_Bow_Kachi"	0	false	4216	false	false	false	false	nil	false
"bos_traditional_4_legendary_samurai_master_dojo"	"Boshin_Cav_Missile_Samurai_Hero"	0	false	4222	false	false	false	false	nil	false
"bos_castle_2_stronghold"	"Boshin_Inf_Spear_Kyoto_Police"	0	false	4227	false	false	false	false	nil	false
"bos_castle_2_stronghold"	"Boshin_Inf_Line_White_Tiger_Force"	0	false	4228	false	false	false	false	nil	false
"bos_castle_3_fortress"	"Boshin_Inf_Spear_Kyoto_Police"	0	false	4237	false	false	false	false	nil	false
"bos_castle_3_fortress"	"Boshin_Inf_Line_White_Tiger_Force"	0	false	4242	false	false	false	false	nil	false
"bos_castle_4_castle"	"Boshin_Inf_Spear_Kyoto_Police"	0	false	4249	false	false	false	false	nil	false
"bos_castle_4_castle"	"Boshin_Inf_Line_White_Tiger_Force"	0	false	4255	false	false	false	false	nil	false
"bos_castle_5_citadel"	"Boshin_Inf_Spear_Kyoto_Police"	0	false	4263	false	false	false	false	nil	false
"bos_castle_5_citadel"	"Boshin_Inf_Line_White_Tiger_Force"	0	false	4266	false	false	false	false	nil	false
"bos_castle_6_star_fort"	"Boshin_Inf_Spear_Kyoto_Police"	3	false	4274	false	false	false	false	nil	false
"bos_castle_6_star_fort"	"Boshin_Inf_Line_White_Tiger_Force"	3	false	4275	false	false	false	false	nil	false
"bos_modern_1_muster_field"	"Boshin_Inf_Line_Infantry"	0	false	4290	false	false	false	false	nil	false
"bos_modern_1_muster_field"	"Boshin_Cav_Sword_Sabre_Cavalry"	0	false	4299	false	false	false	false	nil	false
"bos_modern_1_muster_field"	"Boshin_Inf_Line_Black_Tortoise_Force"	0	false	4307	false	false	false	false	nil	false
"bos_modern_2_barracks"	"Boshin_Inf_Line_Infantry"	0	false	4314	false	false	false	false	nil	false
"bos_modern_2_barracks"	"Boshin_Cav_Sword_Sabre_Cavalry"	0	false	4324	false	false	false	false	nil	false
"bos_modern_2_barracks"	"Boshin_Inf_Line_Azure_Dragon_Force"	0	false	4329	false	false	false	false	nil	false
"bos_modern_2_barracks"	"Boshin_Inf_Light_Sharpshooters"	0	false	4332	false	false	false	false	nil	false
"bos_modern_2_barracks"	"Boshin_Inf_Elite_Kihetai"	0	false	4334	false	false	false	false	nil	false
"bos_modern_2_barracks"	"Boshin_Inf_Line_Red_Bear_Infantry"	0	false	4337	false	false	false	false	nil	false
"bos_modern_2_barracks"	"Boshin_Cav_Missile_Revolver_Cavalry"	0	false	4345	false	false	false	false	nil	false
"bos_modern_2_barracks"	"Boshin_Inf_Line_Black_Tortoise_Force"	0	false	4350	false	false	false	false	nil	false
"bos_modern_3_infantry_barracks"	"Boshin_Inf_Line_Black_Tortoise_Force"	0	false	4359	false	false	false	false	nil	false
"bos_modern_3_infantry_barracks"	"Boshin_Inf_Line_Black_Tortoise_Force"	0	false	4361	false	false	false	false	nil	false
"bos_modern_3_infantry_barracks"	"Boshin_Inf_Line_Red_Bear_Infantry"	0	false	4367	false	false	false	false	nil	false
"bos_modern_3_infantry_barracks"	"Boshin_Inf_Elite_Kihetai"	0	false	4375	false	false	false	false	nil	false
"bos_modern_3_infantry_barracks"	"Boshin_Inf_Light_Sharpshooters"	0	false	4377	false	false	false	false	nil	false
"bos_modern_3_infantry_barracks"	"Boshin_Inf_Line_Azure_Dragon_Force"	0	false	4378	false	false	false	false	nil	false
"bos_modern_3_infantry_barracks"	"Boshin_Cav_Sword_Sabre_Cavalry"	0	false	4382	false	false	false	false	nil	false
"bos_modern_3_infantry_barracks"	"Boshin_Inf_Line_Infantry"	0	false	4390	false	false	false	false	nil	false
"bos_modern_3_infantry_barracks"	"Boshin_Inf_Line_Vermilion_Bird_Force"	0	false	4396	false	false	false	false	nil	false
"bos_modern_3_infantry_barracks"	"Boshin_Inf_Line_Black_Bear_Infantry"	0	false	4397	false	false	false	false	nil	false
"bos_modern_3_infantry_barracks"	"Boshin_Inf_Line_White_Bear_Infantry"	0	false	4404	false	false	false	false	nil	false
"bos_modern_3_infantry_barracks"	"Boshin_Inf_Light_Yugekitai"	0	false	4405	false	false	false	false	nil	false
"bos_modern_3_infantry_barracks"	"Boshin_Cav_Missile_Carbine_Cavalry"	0	false	4414	false	false	false	false	nil	false
"bos_modern_3_infantry_barracks"	"Boshin_Inf_Line_Imperial_Infantry"	0	false	4417	false	false	false	false	nil	false
"bos_modern_3_infantry_barracks"	"Boshin_Inf_Line_Shogunate_Infantry"	0	false	4418	false	false	false	false	nil	false
"bos_modern_3_infantry_barracks"	"Boshin_Inf_Line_Republican_Infantry"	0	false	4423	false	false	false	false	nil	false
"bos_modern_4_military_academy"	"Boshin_Inf_Elite_Imperial_Guard_Infantry"	0	false	4432	false	false	false	false	nil	false
"bos_modern_4_military_academy"	"Boshin_Inf_Elite_Republican_Guard_Infantry"	0	false	4442	false	false	false	false	nil	false
"bos_modern_4_military_academy"	"Boshin_Inf_Elite_Shogunate_Guard_Infantry"	0	false	4452	false	false	false	false	nil	false
"bos_modern_4_military_academy"	"Boshin_Inf_Line_Republican_Infantry"	0	false	4458	false	false	false	false	nil	false
"bos_modern_4_military_academy"	"Boshin_Inf_Line_Shogunate_Infantry"	0	false	4464	false	false	false	false	nil	false
"bos_modern_4_military_academy"	"Boshin_Inf_Line_Imperial_Infantry"	0	false	4473	false	false	false	false	nil	false
"bos_modern_4_military_academy"	"Boshin_Cav_Missile_Carbine_Cavalry"	0	false	4478	false	false	false	false	nil	false
"bos_modern_4_military_academy"	"Boshin_Inf_Light_Yugekitai"	0	false	4479	false	false	false	false	nil	false
"bos_modern_4_military_academy"	"Boshin_Inf_Line_White_Bear_Infantry"	0	false	4480	false	false	false	false	nil	false
"bos_modern_4_military_academy"	"Boshin_Inf_Line_Black_Bear_Infantry"	0	false	4483	false	false	false	false	nil	false
"bos_modern_4_military_academy"	"Boshin_Inf_Line_Vermilion_Bird_Force"	0	false	4492	false	false	false	false	nil	false
"bos_modern_4_military_academy"	"Boshin_Inf_Line_Infantry"	0	false	4494	false	false	false	false	nil	false
"bos_modern_4_military_academy"	"Boshin_Cav_Sword_Sabre_Cavalry"	0	false	4504	false	false	false	false	nil	false
"bos_modern_4_military_academy"	"Boshin_Inf_Line_Azure_Dragon_Force"	0	false	4511	false	false	false	false	nil	false
"bos_modern_4_military_academy"	"Boshin_Inf_Light_Sharpshooters"	0	false	4512	false	false	false	false	nil	false
"bos_modern_4_military_academy"	"Boshin_Inf_Elite_Kihetai"	0	false	4522	false	false	false	false	nil	false
"bos_modern_4_military_academy"	"Boshin_Inf_Line_Red_Bear_Infantry"	0	false	4525	false	false	false	false	nil	false
"bos_modern_4_military_academy"	"Boshin_Cav_Missile_Revolver_Cavalry"	0	false	4532	false	false	false	false	nil	false
"bos_modern_4_military_academy"	"Boshin_Cav_Sword_Republican_Guard_Cavalry"	0	false	4538	false	false	false	false	nil	false
"bos_modern_4_military_academy"	"Boshin_Cav_Spear_Shogunate_Guard_Cavalry"	0	false	4540	false	false	false	false	nil	false
"bos_modern_4_military_academy"	"Boshin_Cav_Missile_Imperial_Guard_Cavalry"	0	false	4550	false	false	false	false	nil	false
"bos_modern_3_infantry_barracks"	"Boshin_Cav_Missile_Revolver_Cavalry"	0	false	4556	false	false	false	false	nil	false
"bos_modern_2_barracks"	"Boshin_Inf_Light_Tosa_Riflemen"	0	false	4565	false	false	false	false	nil	false
"bos_modern_3_infantry_barracks"	"Boshin_Inf_Light_Tosa_Riflemen"	0	false	4574	false	false	false	false	nil	false
"bos_modern_4_military_academy"	"Boshin_Inf_Light_Tosa_Riflemen"	0	false	4581	false	false	false	false	nil	false
"SHO_Sword_4_Legendary_Dojo"	"Sh_Inf_Heavy_Tetsubo_Hero"	2	false	4590	false	false	false	false	nil	false
"SHO_Sword_3_Master_Dojo"	"Sh_Inf_Heavy_Tetsubo_Hero"	0	false	4595	false	false	false	false	nil	false
"SHO_Siege_4_Arsenal"	"Sh_Inf_Missile_Matchlock_Hero"	0	false	4605	false	false	false	false	nil	false
"SHO_Stealth_4_Mizu_Shobai"	"Sh_Inf_Special_Kisho_Ninja_Hero"	0	false	4613	false	false	false	false	nil	false
"SHO_Sword_4_Legendary_Dojo"	"Sh_Inf_Sword_Nodachi_Hero"	0	false	4615	false	false	false	false	nil	false
"SHO_Yari_4_Legendary_School"	"Sh_Inf_Heavy_Naginata_Hero"	0	false	4618	false	false	false	false	nil	false
"SHO_Yari_4_Legendary_School"	"Sh_Inf_Heavy_Naginata_Heroine"	0	false	4628	false	false	false	false	nil	false
"SHO_Cavalry_4_Legendary_Bajutsu_Dojo"	"Sh_Cav_Missile_Bow_Cavalry_Hero"	2	false	4631	false	false	false	false	nil	false
"SHO_Cavalry_4_Legendary_Bajutsu_Dojo"	"Sh_Cav_Spear_Yari_Cavalry_Hero"	2	false	4640	false	false	false	false	nil	false
"SHO_Cavalry_4_Legendary_Bajutsu_Dojo"	"Sh_Cav_Sword_Katana_Cavalry_Hero"	2	false	4645	false	false	false	false	nil	false
"SHO_Cavalry_3_Bajutsu_Master"	"Sh_Cav_Missile_Bow_Cavalry_Hero"	0	false	4647	false	false	false	false	nil	false
"SHO_Cavalry_3_Bajutsu_Master"	"Sh_Cav_Spear_Yari_Cavalry_Hero"	0	false	4654	false	false	false	false	nil	false
"SHO_Cavalry_3_Bajutsu_Master"	"Sh_Cav_Sword_Katana_Cavalry_Hero"	0	false	4663	false	false	false	false	nil	false
"SHO_Siege_2_Powder_Maker"	"Inf_Missile_Matchlock_Ashigaru_Otomo"	0	false	4668	false	false	false	false	nil	false
"SHO_Siege_3_Gunsmith"	"Inf_Missile_Matchlock_Ashigaru_Otomo"	1	false	4677	false	false	false	false	nil	false
"SHO_Siege_4_Arsenal"	"Inf_Missile_Matchlock_Ashigaru_Otomo"	2	false	4680	false	false	false	false	nil	false
"SHO_Siege_3_Gunsmith"	"Inf_Missile_Matchlock_Samurai_Otomo"	0	false	4690	false	false	false	false	nil	false
"SHO_Siege_4_Arsenal"	"Inf_Missile_Matchlock_Samurai_Otomo"	1	false	4692	false	false	false	false	nil	false
"SHO_Port_4_Drydock"	"Light_Ship_Matchlock_Kobaya_Otomo"	0	false	4695	false	false	false	false	nil	false
"SHO_Port_4_Nanban_Quarter"	"Inf_Missile_Portuguese_Tercos"	0	false	4698	false	false	false	false	nil	false
"SHO_Cavalry_2_Warhorse_Stables"	"Cav_Missile_Donderbuss_Cavalry"	0	false	4703	false	false	false	false	nil	false
"SHO_Cavalry_3_Bajutsu_Master"	"Cav_Missile_Donderbuss_Cavalry"	1	false	4711	false	false	false	false	nil	false
"SHO_Cavalry_4_Legendary_Bajutsu_Dojo"	"Cav_Missile_Donderbuss_Cavalry"	2	false	4719	false	false	false	false	nil	false
