version 1, schema battle_climate_weather_descriptions_tables
Weather(string)	Local_Climate(string)	Season(string)	Weather_IDRef(string)	unknown1(int)	unknown2(int)	unknown3(int)	unknown4(int)	unknown5(int)	unknown6(int)	unknown7(int)
"lc_am_desert_dry_summer"	"lc_am_desert"	"season_summer"	"dry"	85	0	0	1	0	0	0
"lc_am_desert_heavy_dust_summer"	"lc_am_desert"	"season_summer"	"heavy_dust"	5	0	0	2	0	0	0
"lc_am_desert_heavy_rain_summer"	"lc_am_desert"	"season_summer"	"heavy_rain"	0	50	0	1	0	0	0
"lc_am_desert_heavy_snow_summer"	"lc_am_desert"	"season_summer"	"heavy_snow"	0	0	0	0	0	0	0
"lc_am_desert_light_dust_summer"	"lc_am_desert"	"season_summer"	"light_dust"	5	0	0	1	0	0	0
"lc_am_desert_light_rain_summer"	"lc_am_desert"	"season_summer"	"light_rain"	0	15	0	0	0	0	0
"lc_am_desert_light_snow_summer"	"lc_am_desert"	"season_summer"	"light_snow"	0	0	0	0	0	0	0
"lc_am_desert_torrential_dust_summer"	"lc_am_desert"	"season_summer"	"torrential_dust"	5	0	0	3	0	0	0
"lc_am_desert_torrential_rain_summer"	"lc_am_desert"	"season_summer"	"torrential_rain"	0	60	0	2	0	0	0
"lc_am_desert_torrential_snow_summer"	"lc_am_desert"	"season_summer"	"torrential_snow"	0	0	0	0	0	0	0
"lc_am_desert_dry_winter"	"lc_am_desert"	"season_winter"	"dry"	85	0	0	0	0	0	0
"lc_am_desert_heavy_dust_winter"	"lc_am_desert"	"season_winter"	"heavy_dust"	5	0	0	1	0	0	0
"lc_am_desert_heavy_rain_winter"	"lc_am_desert"	"season_winter"	"heavy_rain"	0	50	0	0	1	0	0
"lc_am_desert_heavy_snow_winter"	"lc_am_desert"	"season_winter"	"heavy_snow"	0	0	0	0	0	0	0
"lc_am_desert_light_dust_winter"	"lc_am_desert"	"season_winter"	"light_dust"	5	0	0	0	0	0	0
"lc_am_desert_light_rain_winter"	"lc_am_desert"	"season_winter"	"light_rain"	0	15	0	0	0	0	0
"lc_am_desert_light_snow_winter"	"lc_am_desert"	"season_winter"	"light_snow"	0	0	0	0	0	0	0
"lc_am_desert_torrential_dust_winter"	"lc_am_desert"	"season_winter"	"torrential_dust"	5	0	0	2	0	0	0
"lc_am_desert_torrential_rain_winter"	"lc_am_desert"	"season_winter"	"torrential_rain"	0	60	0	0	2	0	0
"lc_am_desert_torrential_snow_winter"	"lc_am_desert"	"season_winter"	"torrential_snow"	0	0	0	0	0	0	0
"lc_am_great_plains_dry_summer"	"lc_am_great_plains"	"season_summer"	"dry"	80	0	0	0	0	0	0
"lc_am_great_plains_heavy_dust_summer"	"lc_am_great_plains"	"season_summer"	"heavy_dust"	0	0	0	0	0	0	0
"lc_am_great_plains_heavy_rain_summer"	"lc_am_great_plains"	"season_summer"	"heavy_rain"	5	10	0	0	1	0	0
"lc_am_great_plains_heavy_snow_summer"	"lc_am_great_plains"	"season_summer"	"heavy_snow"	0	0	0	0	0	0	0
"lc_am_great_plains_light_dust_summer"	"lc_am_great_plains"	"season_summer"	"light_dust"	5	0	0	0	0	0	0
"lc_am_great_plains_light_rain_summer"	"lc_am_great_plains"	"season_summer"	"light_rain"	5	20	0	0	0	0	0
"lc_am_great_plains_light_snow_summer"	"lc_am_great_plains"	"season_summer"	"light_snow"	0	0	0	0	0	0	0
"lc_am_great_plains_torrential_dust_summer"	"lc_am_great_plains"	"season_summer"	"torrential_dust"	0	0	0	0	0	0	0
"lc_am_great_plains_torrential_rain_summer"	"lc_am_great_plains"	"season_summer"	"torrential_rain"	5	10	0	0	2	0	0
"lc_am_great_plains_torrential_snow_summer"	"lc_am_great_plains"	"season_summer"	"torrential_snow"	0	0	0	0	0	0	0
"lc_am_great_plains_dry_winter"	"lc_am_great_plains"	"season_winter"	"dry"	70	0	0	0	0	0	0
"lc_am_great_plains_heavy_dust_winter"	"lc_am_great_plains"	"season_winter"	"heavy_dust"	0	0	0	0	0	0	0
"lc_am_great_plains_heavy_rain_winter"	"lc_am_great_plains"	"season_winter"	"heavy_rain"	5	30	0	0	2	0	0
"lc_am_great_plains_heavy_snow_winter"	"lc_am_great_plains"	"season_winter"	"heavy_snow"	5	50	0	0	0	0	0
"lc_am_great_plains_light_dust_winter"	"lc_am_great_plains"	"season_winter"	"light_dust"	0	0	0	0	0	0	0
"lc_am_great_plains_light_rain_winter"	"lc_am_great_plains"	"season_winter"	"light_rain"	5	40	0	0	1	0	0
"lc_am_great_plains_light_snow_winter"	"lc_am_great_plains"	"season_winter"	"light_snow"	10	35	0	0	2	0	0
"lc_am_great_plains_torrential_dust_winter"	"lc_am_great_plains"	"season_winter"	"torrential_dust"	0	0	0	0	0	0	0
"lc_am_great_plains_torrential_rain_winter"	"lc_am_great_plains"	"season_winter"	"torrential_rain"	0	50	0	0	3	0	0
"lc_am_great_plains_torrential_snow_winter"	"lc_am_great_plains"	"season_winter"	"torrential_snow"	5	0	0	0	0	0	0
"lc_am_jungle_dry_summer"	"lc_am_jungle"	"season_summer"	"dry"	80	10	0	0	0	0	0
"lc_am_jungle_heavy_dust_summer"	"lc_am_jungle"	"season_summer"	"heavy_dust"	0	0	0	0	0	0	0
"lc_am_jungle_heavy_rain_summer"	"lc_am_jungle"	"season_summer"	"heavy_rain"	10	5	0	2	0	0	0
"lc_am_jungle_heavy_snow_summer"	"lc_am_jungle"	"season_summer"	"heavy_snow"	0	0	0	0	0	0	0
"lc_am_jungle_light_dust_summer"	"lc_am_jungle"	"season_summer"	"light_dust"	0	0	0	0	0	0	0
"lc_am_jungle_light_rain_summer"	"lc_am_jungle"	"season_summer"	"light_rain"	0	10	0	1	0	0	0
"lc_am_jungle_light_snow_summer"	"lc_am_jungle"	"season_summer"	"light_snow"	5	0	0	0	0	0	0
"lc_am_jungle_torrential_dust_summer"	"lc_am_jungle"	"season_summer"	"torrential_dust"	0	0	0	0	0	0	0
"lc_am_jungle_torrential_rain_summer"	"lc_am_jungle"	"season_summer"	"torrential_rain"	5	5	0	3	0	0	0
"lc_am_jungle_torrential_snow_summer"	"lc_am_jungle"	"season_summer"	"torrential_snow"	0	0	0	0	0	0	0
"lc_am_jungle_dry_winter"	"lc_am_jungle"	"season_winter"	"dry"	70	15	0	0	0	0	0
"lc_am_jungle_heavy_dust_winter"	"lc_am_jungle"	"season_winter"	"heavy_dust"	0	0	0	0	0	0	0
"lc_am_jungle_heavy_rain_winter"	"lc_am_jungle"	"season_winter"	"heavy_rain"	10	5	0	1	0	0	0
"lc_am_jungle_heavy_snow_winter"	"lc_am_jungle"	"season_winter"	"heavy_snow"	0	0	0	0	0	0	0
"lc_am_jungle_light_dust_winter"	"lc_am_jungle"	"season_winter"	"light_dust"	0	0	0	0	0	0	0
"lc_am_jungle_light_rain_winter"	"lc_am_jungle"	"season_winter"	"light_rain"	10	10	0	0	0	0	0
"lc_am_jungle_light_snow_winter"	"lc_am_jungle"	"season_winter"	"light_snow"	0	0	0	0	0	0	0
"lc_am_jungle_torrential_dust_winter"	"lc_am_jungle"	"season_winter"	"torrential_dust"	0	0	0	0	0	0	0
"lc_am_jungle_torrential_rain_winter"	"lc_am_jungle"	"season_winter"	"torrential_rain"	10	5	0	2	0	0	0
"lc_am_jungle_torrential_snow_winter"	"lc_am_jungle"	"season_winter"	"torrential_snow"	0	0	0	0	0	0	0
"lc_am_s_arid_dry_summer"	"lc_am_s_arid"	"season_summer"	"dry"	71	0	0	1	0	0	0
"lc_am_s_arid_heavy_dust_summer"	"lc_am_s_arid"	"season_summer"	"heavy_dust"	5	0	0	2	0	0	0
"lc_am_s_arid_heavy_rain_summer"	"lc_am_s_arid"	"season_summer"	"heavy_rain"	2	15	0	0	0	0	0
"lc_am_s_arid_heavy_snow_summer"	"lc_am_s_arid"	"season_summer"	"heavy_snow"	0	0	0	0	0	0	0
"lc_am_s_arid_light_dust_summer"	"lc_am_s_arid"	"season_summer"	"light_dust"	15	0	0	1	0	0	0
"lc_am_s_arid_light_rain_summer"	"lc_am_s_arid"	"season_summer"	"light_rain"	0	20	0	0	0	0	0
"lc_am_s_arid_light_snow_summer"	"lc_am_s_arid"	"season_summer"	"light_snow"	0	0	0	0	0	0	0
"lc_am_s_arid_torrential_dust_summer"	"lc_am_s_arid"	"season_summer"	"torrential_dust"	5	0	0	3	0	0	0
"lc_am_s_arid_torrential_rain_summer"	"lc_am_s_arid"	"season_summer"	"torrential_rain"	2	15	0	0	1	0	0
"lc_am_s_arid_torrential_snow_summer"	"lc_am_s_arid"	"season_summer"	"torrential_snow"	0	0	0	0	0	0	0
"lc_am_s_arid_dry_winter"	"lc_am_s_arid"	"season_winter"	"dry"	70	0	0	0	0	0	0
"lc_am_s_arid_heavy_dust_winter"	"lc_am_s_arid"	"season_winter"	"heavy_dust"	3	0	0	1	0	0	0
"lc_am_s_arid_heavy_rain_winter"	"lc_am_s_arid"	"season_winter"	"heavy_rain"	5	15	0	0	1	0	0
"lc_am_s_arid_heavy_snow_winter"	"lc_am_s_arid"	"season_winter"	"heavy_snow"	0	0	0	0	0	0	0
"lc_am_s_arid_light_dust_winter"	"lc_am_s_arid"	"season_winter"	"light_dust"	7	0	0	0	0	0	0
"lc_am_s_arid_light_rain_winter"	"lc_am_s_arid"	"season_winter"	"light_rain"	8	20	0	0	0	0	0
"lc_am_s_arid_light_snow_winter"	"lc_am_s_arid"	"season_winter"	"light_snow"	0	0	0	0	0	0	0
"lc_am_s_arid_torrential_dust_winter"	"lc_am_s_arid"	"season_winter"	"torrential_dust"	2	0	0	2	0	0	0
"lc_am_s_arid_torrential_rain_winter"	"lc_am_s_arid"	"season_winter"	"torrential_rain"	5	5	0	0	2	0	0
"lc_am_s_arid_torrential_snow_winter"	"lc_am_s_arid"	"season_winter"	"torrential_snow"	0	0	0	0	0	0	0
"lc_am_se_usa_dry_summer"	"lc_am_se_usa"	"season_summer"	"dry"	80	20	0	0	0	0	0
"lc_am_se_usa_heavy_dust_summer"	"lc_am_se_usa"	"season_summer"	"heavy_dust"	0	0	0	0	0	0	0
"lc_am_se_usa_heavy_rain_summer"	"lc_am_se_usa"	"season_summer"	"heavy_rain"	5	15	0	0	1	0	0
"lc_am_se_usa_heavy_snow_summer"	"lc_am_se_usa"	"season_summer"	"heavy_snow"	0	0	0	0	0	0	0
"lc_am_se_usa_light_dust_summer"	"lc_am_se_usa"	"season_summer"	"light_dust"	0	0	0	0	0	0	0
"lc_am_se_usa_light_rain_summer"	"lc_am_se_usa"	"season_summer"	"light_rain"	5	30	0	0	0	0	0
"lc_am_se_usa_light_snow_summer"	"lc_am_se_usa"	"season_summer"	"light_snow"	0	0	0	0	0	0	0
"lc_am_se_usa_torrential_dust_summer"	"lc_am_se_usa"	"season_summer"	"torrential_dust"	0	0	0	0	0	0	0
"lc_am_se_usa_torrential_rain_summer"	"lc_am_se_usa"	"season_summer"	"torrential_rain"	10	15	0	0	2	0	0
"lc_am_se_usa_torrential_snow_summer"	"lc_am_se_usa"	"season_summer"	"torrential_snow"	0	0	0	0	0	0	0
"lc_am_se_usa_dry_winter"	"lc_am_se_usa"	"season_winter"	"dry"	80	10	0	0	0	0	0
"lc_am_se_usa_heavy_dust_winter"	"lc_am_se_usa"	"season_winter"	"heavy_dust"	0	0	0	0	0	0	0
"lc_am_se_usa_heavy_rain_winter"	"lc_am_se_usa"	"season_winter"	"heavy_rain"	5	15	0	0	2	0	0
"lc_am_se_usa_heavy_snow_winter"	"lc_am_se_usa"	"season_winter"	"heavy_snow"	0	0	0	0	0	0	0
"lc_am_se_usa_light_dust_winter"	"lc_am_se_usa"	"season_winter"	"light_dust"	0	0	0	0	0	0	0
"lc_am_se_usa_light_rain_winter"	"lc_am_se_usa"	"season_winter"	"light_rain"	10	20	0	0	1	0	0
"lc_am_se_usa_light_snow_winter"	"lc_am_se_usa"	"season_winter"	"light_snow"	5	30	0	0	2	0	0
"lc_am_se_usa_torrential_dust_winter"	"lc_am_se_usa"	"season_winter"	"torrential_dust"	0	0	0	0	0	0	0
"lc_am_se_usa_torrential_rain_winter"	"lc_am_se_usa"	"season_winter"	"torrential_rain"	0	15	0	0	2	0	0
"lc_am_se_usa_torrential_snow_winter"	"lc_am_se_usa"	"season_winter"	"torrential_snow"	0	0	0	0	0	0	0
"lc_am_tropical_humid_dry_summer"	"lc_am_tropical_humid"	"season_summer"	"dry"	75	30	0	0	0	0	0
"lc_am_tropical_humid_heavy_dust_summer"	"lc_am_tropical_humid"	"season_summer"	"heavy_dust"	0	0	0	0	0	0	0
"lc_am_tropical_humid_heavy_rain_summer"	"lc_am_tropical_humid"	"season_summer"	"heavy_rain"	10	8	0	2	0	0	0
"lc_am_tropical_humid_heavy_snow_summer"	"lc_am_tropical_humid"	"season_summer"	"heavy_snow"	0	0	0	0	0	0	0
"lc_am_tropical_humid_light_dust_summer"	"lc_am_tropical_humid"	"season_summer"	"light_dust"	0	0	0	0	0	0	0
"lc_am_tropical_humid_light_rain_summer"	"lc_am_tropical_humid"	"season_summer"	"light_rain"	5	10	0	1	0	0	0
"lc_am_tropical_humid_light_snow_summer"	"lc_am_tropical_humid"	"season_summer"	"light_snow"	0	0	0	0	0	0	0
"lc_am_tropical_humid_torrential_dust_summer"	"lc_am_tropical_humid"	"season_summer"	"torrential_dust"	0	0	0	0	0	0	0
"lc_am_tropical_humid_torrential_rain_summer"	"lc_am_tropical_humid"	"season_summer"	"torrential_rain"	10	5	0	3	0	0	0
"lc_am_tropical_humid_torrential_snow_summer"	"lc_am_tropical_humid"	"season_summer"	"torrential_snow"	0	0	0	0	0	0	0
"lc_am_tropical_humid_dry_winter"	"lc_am_tropical_humid"	"season_winter"	"dry"	80	25	0	0	0	0	0
"lc_am_tropical_humid_heavy_dust_winter"	"lc_am_tropical_humid"	"season_winter"	"heavy_dust"	0	0	0	0	0	0	0
"lc_am_tropical_humid_heavy_rain_winter"	"lc_am_tropical_humid"	"season_winter"	"heavy_rain"	5	10	0	1	0	0	0
"lc_am_tropical_humid_heavy_snow_winter"	"lc_am_tropical_humid"	"season_winter"	"heavy_snow"	0	0	0	0	0	0	0
"lc_am_tropical_humid_light_dust_winter"	"lc_am_tropical_humid"	"season_winter"	"light_dust"	0	0	0	0	0	0	0
"lc_am_tropical_humid_light_rain_winter"	"lc_am_tropical_humid"	"season_winter"	"light_rain"	10	20	0	0	0	0	0
"lc_am_tropical_humid_light_snow_winter"	"lc_am_tropical_humid"	"season_winter"	"light_snow"	0	0	0	0	0	0	0
"lc_am_tropical_humid_torrential_dust_winter"	"lc_am_tropical_humid"	"season_winter"	"torrential_dust"	0	0	0	0	0	0	0
"lc_am_tropical_humid_torrential_rain_winter"	"lc_am_tropical_humid"	"season_winter"	"torrential_rain"	5	10	0	2	0	0	0
"lc_am_tropical_humid_torrential_snow_winter"	"lc_am_tropical_humid"	"season_winter"	"torrential_snow"	0	0	0	0	0	0	0
"lc_am_us_central_dry_summer"	"lc_am_us_central"	"season_summer"	"dry"	75	15	0	0	0	0	0
"lc_am_us_central_heavy_dust_summer"	"lc_am_us_central"	"season_summer"	"heavy_dust"	0	0	0	0	0	0	0
"lc_am_us_central_heavy_rain_summer"	"lc_am_us_central"	"season_summer"	"heavy_rain"	5	25	0	0	1	0	0
"lc_am_us_central_heavy_snow_summer"	"lc_am_us_central"	"season_summer"	"heavy_snow"	0	0	0	0	0	0	0
"lc_am_us_central_light_dust_summer"	"lc_am_us_central"	"season_summer"	"light_dust"	0	0	0	0	0	0	0
"lc_am_us_central_light_rain_summer"	"lc_am_us_central"	"season_summer"	"light_rain"	15	15	0	0	0	0	0
"lc_am_us_central_light_snow_summer"	"lc_am_us_central"	"season_summer"	"light_snow"	0	0	0	0	0	0	0
"lc_am_us_central_torrential_dust_summer"	"lc_am_us_central"	"season_summer"	"torrential_dust"	0	0	0	0	0	0	0
"lc_am_us_central_torrential_rain_summer"	"lc_am_us_central"	"season_summer"	"torrential_rain"	5	33	0	0	2	0	0
"lc_am_us_central_torrential_snow_summer"	"lc_am_us_central"	"season_summer"	"torrential_snow"	0	0	0	0	0	0	0
"lc_am_us_central_dry_winter"	"lc_am_us_central"	"season_winter"	"dry"	70	25	0	0	0	0	0
"lc_am_us_central_heavy_dust_winter"	"lc_am_us_central"	"season_winter"	"heavy_dust"	0	0	0	0	0	0	0
"lc_am_us_central_heavy_rain_winter"	"lc_am_us_central"	"season_winter"	"heavy_rain"	5	20	0	0	2	0	0
"lc_am_us_central_heavy_snow_winter"	"lc_am_us_central"	"season_winter"	"heavy_snow"	5	15	0	0	3	0	0
"lc_am_us_central_light_dust_winter"	"lc_am_us_central"	"season_winter"	"light_dust"	0	0	0	0	0	0	0
"lc_am_us_central_light_rain_winter"	"lc_am_us_central"	"season_winter"	"light_rain"	5	15	0	0	1	0	0
"lc_am_us_central_light_snow_winter"	"lc_am_us_central"	"season_winter"	"light_snow"	5	15	0	0	2	0	0
"lc_am_us_central_torrential_dust_winter"	"lc_am_us_central"	"season_winter"	"torrential_dust"	0	0	0	0	0	0	0
"lc_am_us_central_torrential_rain_winter"	"lc_am_us_central"	"season_winter"	"torrential_rain"	5	20	0	0	3	0	0
"lc_am_us_central_torrential_snow_winter"	"lc_am_us_central"	"season_winter"	"torrential_snow"	5	20	0	0	4	0	0
"lc_am_us_east_dry_summer"	"lc_am_us_east"	"season_summer"	"dry"	90	15	0	0	0	0	0
"lc_am_us_east_heavy_dust_summer"	"lc_am_us_east"	"season_summer"	"heavy_dust"	0	0	0	0	0	0	0
"lc_am_us_east_heavy_rain_summer"	"lc_am_us_east"	"season_summer"	"heavy_rain"	0	10	0	0	1	0	0
"lc_am_us_east_heavy_snow_summer"	"lc_am_us_east"	"season_summer"	"heavy_snow"	0	0	0	0	0	0	0
"lc_am_us_east_light_dust_summer"	"lc_am_us_east"	"season_summer"	"light_dust"	0	0	0	0	0	0	0
"lc_am_us_east_light_rain_summer"	"lc_am_us_east"	"season_summer"	"light_rain"	10	20	0	0	0	0	0
"lc_am_us_east_light_snow_summer"	"lc_am_us_east"	"season_summer"	"light_snow"	0	0	0	0	0	0	0
"lc_am_us_east_torrential_dust_summer"	"lc_am_us_east"	"season_summer"	"torrential_dust"	0	0	0	0	0	0	0
"lc_am_us_east_torrential_rain_summer"	"lc_am_us_east"	"season_summer"	"torrential_rain"	0	15	0	0	2	0	0
"lc_am_us_east_torrential_snow_summer"	"lc_am_us_east"	"season_summer"	"torrential_snow"	0	0	0	0	0	0	0
"lc_am_us_east_dry_winter"	"lc_am_us_east"	"season_winter"	"dry"	70	33	0	0	1	0	0
"lc_am_us_east_heavy_dust_winter"	"lc_am_us_east"	"season_winter"	"heavy_dust"	0	0	0	0	0	0	0
"lc_am_us_east_heavy_rain_winter"	"lc_am_us_east"	"season_winter"	"heavy_rain"	3	25	0	0	2	0	0
"lc_am_us_east_heavy_snow_winter"	"lc_am_us_east"	"season_winter"	"heavy_snow"	7	20	0	0	3	0	0
"lc_am_us_east_light_dust_winter"	"lc_am_us_east"	"season_winter"	"light_dust"	0	0	0	0	0	0	0
"lc_am_us_east_light_rain_winter"	"lc_am_us_east"	"season_winter"	"light_rain"	5	15	0	0	1	0	0
"lc_am_us_east_light_snow_winter"	"lc_am_us_east"	"season_winter"	"light_snow"	7	30	0	0	2	0	0
"lc_am_us_east_torrential_dust_winter"	"lc_am_us_east"	"season_winter"	"torrential_dust"	0	0	0	0	0	0	0
"lc_am_us_east_torrential_rain_winter"	"lc_am_us_east"	"season_winter"	"torrential_rain"	3	15	0	0	3	0	0
"lc_am_us_east_torrential_snow_winter"	"lc_am_us_east"	"season_winter"	"torrential_snow"	5	25	0	0	4	0	0
"lc_as_temp_humid_dry_summer"	"lc_as_temp_humid"	"season_summer"	"dry"	75	10	0	1	0	0	0
"lc_as_temp_humid_heavy_dust_summer"	"lc_as_temp_humid"	"season_summer"	"heavy_dust"	2	0	0	2	0	0	0
"lc_as_temp_humid_heavy_rain_summer"	"lc_as_temp_humid"	"season_summer"	"heavy_rain"	3	15	0	1	0	0	0
"lc_as_temp_humid_heavy_snow_summer"	"lc_as_temp_humid"	"season_summer"	"heavy_snow"	0	0	0	0	0	0	0
"lc_as_temp_humid_light_dust_summer"	"lc_as_temp_humid"	"season_summer"	"light_dust"	3	0	0	1	0	0	0
"lc_as_temp_humid_light_rain_summer"	"lc_as_temp_humid"	"season_summer"	"light_rain"	15	20	0	1	0	0	0
"lc_as_temp_humid_light_snow_summer"	"lc_as_temp_humid"	"season_summer"	"light_snow"	0	0	0	0	0	0	0
"lc_as_temp_humid_torrential_dust_summer"	"lc_as_temp_humid"	"season_summer"	"torrential_dust"	0	0	0	0	0	0	0
"lc_as_temp_humid_torrential_rain_summer"	"lc_as_temp_humid"	"season_summer"	"torrential_rain"	2	33	0	2	0	0	0
"lc_as_temp_humid_torrential_snow_summer"	"lc_as_temp_humid"	"season_summer"	"torrential_snow"	0	0	0	0	0	0	0
"lc_as_temp_humid_dry_winter"	"lc_as_temp_humid"	"season_winter"	"dry"	70	25	0	0	0	0	0
"lc_as_temp_humid_heavy_dust_winter"	"lc_as_temp_humid"	"season_winter"	"heavy_dust"	0	0	0	0	0	0	0
"lc_as_temp_humid_heavy_rain_winter"	"lc_as_temp_humid"	"season_winter"	"heavy_rain"	8	10	0	2	0	0	0
"lc_as_temp_humid_heavy_snow_winter"	"lc_as_temp_humid"	"season_winter"	"heavy_snow"	0	5	0	0	0	0	0
"lc_as_temp_humid_light_dust_winter"	"lc_as_temp_humid"	"season_winter"	"light_dust"	0	0	0	0	0	0	0
"lc_as_temp_humid_light_rain_winter"	"lc_as_temp_humid"	"season_winter"	"light_rain"	14	20	0	1	0	0	0
"lc_as_temp_humid_light_snow_winter"	"lc_as_temp_humid"	"season_winter"	"light_snow"	0	15	0	2	0	0	0
"lc_as_temp_humid_torrential_dust_winter"	"lc_as_temp_humid"	"season_winter"	"torrential_dust"	0	0	0	0	0	0	0
"lc_as_temp_humid_torrential_rain_winter"	"lc_as_temp_humid"	"season_winter"	"torrential_rain"	8	10	0	2	0	0	0
"lc_as_temp_humid_torrential_snow_winter"	"lc_as_temp_humid"	"season_winter"	"torrential_snow"	0	0	0	0	0	0	0
"lc_as_temp_s_arid_dry_summer"	"lc_as_temp_s_arid"	"season_summer"	"dry"	85	25	0	1	0	0	0
"lc_as_temp_s_arid_heavy_dust_summer"	"lc_as_temp_s_arid"	"season_summer"	"heavy_dust"	0	0	0	0	0	0	0
"lc_as_temp_s_arid_heavy_rain_summer"	"lc_as_temp_s_arid"	"season_summer"	"heavy_rain"	5	10	0	2	0	0	0
"lc_as_temp_s_arid_heavy_snow_summer"	"lc_as_temp_s_arid"	"season_summer"	"heavy_snow"	0	0	0	0	0	0	0
"lc_as_temp_s_arid_light_dust_summer"	"lc_as_temp_s_arid"	"season_summer"	"light_dust"	0	0	0	0	0	0	0
"lc_as_temp_s_arid_light_rain_summer"	"lc_as_temp_s_arid"	"season_summer"	"light_rain"	5	15	0	1	0	0	0
"lc_as_temp_s_arid_light_snow_summer"	"lc_as_temp_s_arid"	"season_summer"	"light_snow"	0	0	0	0	0	0	0
"lc_as_temp_s_arid_torrential_dust_summer"	"lc_as_temp_s_arid"	"season_summer"	"torrential_dust"	0	0	0	0	0	0	0
"lc_as_temp_s_arid_torrential_rain_summer"	"lc_as_temp_s_arid"	"season_summer"	"torrential_rain"	5	5	0	3	0	0	0
"lc_as_temp_s_arid_torrential_snow_summer"	"lc_as_temp_s_arid"	"season_summer"	"torrential_snow"	0	0	0	0	0	0	0
"lc_as_temp_s_arid_dry_winter"	"lc_as_temp_s_arid"	"season_winter"	"dry"	80	5	0	0	0	0	0
"lc_as_temp_s_arid_heavy_dust_winter"	"lc_as_temp_s_arid"	"season_winter"	"heavy_dust"	0	0	0	0	0	0	0
"lc_as_temp_s_arid_heavy_rain_winter"	"lc_as_temp_s_arid"	"season_winter"	"heavy_rain"	5	15	0	1	0	0	0
"lc_as_temp_s_arid_heavy_snow_winter"	"lc_as_temp_s_arid"	"season_winter"	"heavy_snow"	0	0	0	0	0	0	0
"lc_as_temp_s_arid_light_dust_winter"	"lc_as_temp_s_arid"	"season_winter"	"light_dust"	5	0	0	0	0	0	0
"lc_as_temp_s_arid_light_rain_winter"	"lc_as_temp_s_arid"	"season_winter"	"light_rain"	10	20	0	0	0	0	0
"lc_as_temp_s_arid_light_snow_winter"	"lc_as_temp_s_arid"	"season_winter"	"light_snow"	0	0	0	0	0	0	0
"lc_as_temp_s_arid_torrential_dust_winter"	"lc_as_temp_s_arid"	"season_winter"	"torrential_dust"	0	0	0	0	0	0	0
"lc_as_temp_s_arid_torrential_rain_winter"	"lc_as_temp_s_arid"	"season_winter"	"torrential_rain"	0	0	0	0	0	0	0
"lc_as_temp_s_arid_torrential_snow_winter"	"lc_as_temp_s_arid"	"season_winter"	"torrential_snow"	0	0	0	0	0	0	0
"lc_as_trop_humid_dry_summer"	"lc_as_trop_humid"	"season_summer"	"dry"	70	15	0	1	0	0	0
"lc_as_trop_humid_heavy_dust_summer"	"lc_as_trop_humid"	"season_summer"	"heavy_dust"	0	0	0	0	0	0	0
"lc_as_trop_humid_heavy_rain_summer"	"lc_as_trop_humid"	"season_summer"	"heavy_rain"	10	10	0	2	0	0	0
"lc_as_trop_humid_heavy_snow_summer"	"lc_as_trop_humid"	"season_summer"	"heavy_snow"	0	0	0	0	0	0	0
"lc_as_trop_humid_light_dust_summer"	"lc_as_trop_humid"	"season_summer"	"light_dust"	0	0	0	0	0	0	0
"lc_as_trop_humid_light_rain_summer"	"lc_as_trop_humid"	"season_summer"	"light_rain"	10	10	0	1	0	0	0
"lc_as_trop_humid_light_snow_summer"	"lc_as_trop_humid"	"season_summer"	"light_snow"	0	0	0	0	0	0	0
"lc_as_trop_humid_torrential_dust_summer"	"lc_as_trop_humid"	"season_summer"	"torrential_dust"	0	0	0	0	0	0	0
"lc_as_trop_humid_torrential_rain_summer"	"lc_as_trop_humid"	"season_summer"	"torrential_rain"	10	5	0	3	0	0	0
"lc_as_trop_humid_torrential_snow_summer"	"lc_as_trop_humid"	"season_summer"	"torrential_snow"	0	0	0	0	0	0	0
"lc_as_trop_humid_dry_winter"	"lc_as_trop_humid"	"season_winter"	"dry"	80	10	0	0	0	0	0
"lc_as_trop_humid_heavy_dust_winter"	"lc_as_trop_humid"	"season_winter"	"heavy_dust"	0	0	0	0	0	0	0
"lc_as_trop_humid_heavy_rain_winter"	"lc_as_trop_humid"	"season_winter"	"heavy_rain"	5	10	0	1	0	0	0
"lc_as_trop_humid_heavy_snow_winter"	"lc_as_trop_humid"	"season_winter"	"heavy_snow"	0	0	0	0	0	0	0
"lc_as_trop_humid_light_dust_winter"	"lc_as_trop_humid"	"season_winter"	"light_dust"	5	0	0	0	0	0	0
"lc_as_trop_humid_light_rain_winter"	"lc_as_trop_humid"	"season_winter"	"light_rain"	10	10	0	0	0	0	0
"lc_as_trop_humid_light_snow_winter"	"lc_as_trop_humid"	"season_winter"	"light_snow"	0	0	0	0	0	0	0
"lc_as_trop_humid_torrential_dust_winter"	"lc_as_trop_humid"	"season_winter"	"torrential_dust"	0	0	0	0	0	0	0
"lc_as_trop_humid_torrential_rain_winter"	"lc_as_trop_humid"	"season_winter"	"torrential_rain"	0	0	0	0	0	0	0
"lc_as_trop_humid_torrential_snow_winter"	"lc_as_trop_humid"	"season_winter"	"torrential_snow"	0	0	0	0	0	0	0
"lc_as_trop_s_arid_dry_summer"	"lc_as_trop_s_arid"	"season_summer"	"dry"	80	18	0	1	0	0	0
"lc_as_trop_s_arid_heavy_dust_summer"	"lc_as_trop_s_arid"	"season_summer"	"heavy_dust"	0	0	0	0	0	0	0
"lc_as_trop_s_arid_heavy_rain_summer"	"lc_as_trop_s_arid"	"season_summer"	"heavy_rain"	5	12	0	2	0	0	0
"lc_as_trop_s_arid_heavy_snow_summer"	"lc_as_trop_s_arid"	"season_summer"	"heavy_snow"	0	0	0	0	0	0	0
"lc_as_trop_s_arid_light_dust_summer"	"lc_as_trop_s_arid"	"season_summer"	"light_dust"	5	0	0	0	0	0	0
"lc_as_trop_s_arid_light_rain_summer"	"lc_as_trop_s_arid"	"season_summer"	"light_rain"	5	15	0	1	0	0	0
"lc_as_trop_s_arid_light_snow_summer"	"lc_as_trop_s_arid"	"season_summer"	"light_snow"	0	0	0	0	0	0	0
"lc_as_trop_s_arid_torrential_dust_summer"	"lc_as_trop_s_arid"	"season_summer"	"torrential_dust"	0	0	0	0	0	0	0
"lc_as_trop_s_arid_torrential_rain_summer"	"lc_as_trop_s_arid"	"season_summer"	"torrential_rain"	5	10	0	3	0	0	0
"lc_as_trop_s_arid_torrential_snow_summer"	"lc_as_trop_s_arid"	"season_summer"	"torrential_snow"	0	0	0	0	0	0	0
"lc_as_trop_s_arid_dry_winter"	"lc_as_trop_s_arid"	"season_winter"	"dry"	85	10	0	0	0	0	0
"lc_as_trop_s_arid_heavy_dust_winter"	"lc_as_trop_s_arid"	"season_winter"	"heavy_dust"	0	0	0	0	0	0	0
"lc_as_trop_s_arid_heavy_rain_winter"	"lc_as_trop_s_arid"	"season_winter"	"heavy_rain"	5	10	0	1	0	0	0
"lc_as_trop_s_arid_heavy_snow_winter"	"lc_as_trop_s_arid"	"season_winter"	"heavy_snow"	0	0	0	0	0	0	0
"lc_as_trop_s_arid_light_dust_winter"	"lc_as_trop_s_arid"	"season_winter"	"light_dust"	5	0	0	1	0	0	0
"lc_as_trop_s_arid_light_rain_winter"	"lc_as_trop_s_arid"	"season_winter"	"light_rain"	5	10	0	1	0	0	0
"lc_as_trop_s_arid_light_snow_winter"	"lc_as_trop_s_arid"	"season_winter"	"light_snow"	0	0	0	0	0	0	0
"lc_as_trop_s_arid_torrential_dust_winter"	"lc_as_trop_s_arid"	"season_winter"	"torrential_dust"	0	0	0	0	0	0	0
"lc_as_trop_s_arid_torrential_rain_winter"	"lc_as_trop_s_arid"	"season_winter"	"torrential_rain"	0	0	0	0	0	0	0
"lc_as_trop_s_arid_torrential_snow_winter"	"lc_as_trop_s_arid"	"season_winter"	"torrential_snow"	0	0	0	0	0	0	0
"lc_boreal_dry_summer"	"lc_boreal"	"season_summer"	"dry"	75	15	0	0	0	0	0
"lc_boreal_heavy_dust_summer"	"lc_boreal"	"season_summer"	"heavy_dust"	0	0	0	0	0	0	0
"lc_boreal_heavy_rain_summer"	"lc_boreal"	"season_summer"	"heavy_rain"	5	20	0	0	2	0	0
"lc_boreal_heavy_snow_summer"	"lc_boreal"	"season_summer"	"heavy_snow"	5	50	0	0	3	0	0
"lc_boreal_light_dust_summer"	"lc_boreal"	"season_summer"	"light_dust"	0	0	0	0	0	0	0
"lc_boreal_light_rain_summer"	"lc_boreal"	"season_summer"	"light_rain"	10	15	0	0	1	0	0
"lc_boreal_light_snow_summer"	"lc_boreal"	"season_summer"	"light_snow"	5	33	0	0	2	0	0
"lc_boreal_torrential_dust_summer"	"lc_boreal"	"season_summer"	"torrential_dust"	0	0	0	0	0	0	0
"lc_boreal_torrential_rain_summer"	"lc_boreal"	"season_summer"	"torrential_rain"	0	15	0	0	3	0	0
"lc_boreal_torrential_snow_summer"	"lc_boreal"	"season_summer"	"torrential_snow"	0	0	0	0	0	0	0
"lc_boreal_dry_winter"	"lc_boreal"	"season_winter"	"dry"	70	33	0	0	1	0	0
"lc_boreal_heavy_dust_winter"	"lc_boreal"	"season_winter"	"heavy_dust"	0	0	0	0	0	0	0
"lc_boreal_heavy_rain_winter"	"lc_boreal"	"season_winter"	"heavy_rain"	3	50	0	0	3	0	0
"lc_boreal_heavy_snow_winter"	"lc_boreal"	"season_winter"	"heavy_snow"	8	75	0	0	4	0	0
"lc_boreal_light_dust_winter"	"lc_boreal"	"season_winter"	"light_dust"	0	0	0	0	0	0	0
"lc_boreal_light_rain_winter"	"lc_boreal"	"season_winter"	"light_rain"	3	25	0	0	2	0	0
"lc_boreal_light_snow_winter"	"lc_boreal"	"season_winter"	"light_snow"	9	50	0	0	3	0	0
"lc_boreal_torrential_dust_winter"	"lc_boreal"	"season_winter"	"torrential_dust"	0	0	0	0	0	0	0
"lc_boreal_torrential_rain_winter"	"lc_boreal"	"season_winter"	"torrential_rain"	0	50	0	0	4	0	0
"lc_boreal_torrential_snow_winter"	"lc_boreal"	"season_winter"	"torrential_snow"	7	100	0	0	5	0	0
"lc_desert_dry_summer"	"lc_desert"	"season_summer"	"dry"	70	0	0	2	0	0	0
"lc_desert_heavy_dust_summer"	"lc_desert"	"season_summer"	"heavy_dust"	5	0	0	4	0	0	0
"lc_desert_heavy_rain_summer"	"lc_desert"	"season_summer"	"heavy_rain"	0	10	0	1	0	0	0
"lc_desert_heavy_snow_summer"	"lc_desert"	"season_summer"	"heavy_snow"	0	0	0	0	0	0	0
"lc_desert_light_dust_summer"	"lc_desert"	"season_summer"	"light_dust"	15	0	0	2	0	0	0
"lc_desert_light_rain_summer"	"lc_desert"	"season_summer"	"light_rain"	0	0	0	0	0	0	0
"lc_desert_light_snow_summer"	"lc_desert"	"season_summer"	"light_snow"	0	0	0	0	0	0	0
"lc_desert_torrential_dust_summer"	"lc_desert"	"season_summer"	"torrential_dust"	5	0	0	5	0	0	0
"lc_desert_torrential_rain_summer"	"lc_desert"	"season_summer"	"torrential_rain"	5	10	0	1	0	0	0
"lc_desert_torrential_snow_summer"	"lc_desert"	"season_summer"	"torrential_snow"	0	0	0	0	0	0	0
"lc_desert_dry_winter"	"lc_desert"	"season_winter"	"dry"	80	5	0	1	0	0	0
"lc_desert_heavy_dust_winter"	"lc_desert"	"season_winter"	"heavy_dust"	5	0	0	3	0	0	0
"lc_desert_heavy_rain_winter"	"lc_desert"	"season_winter"	"heavy_rain"	0	12	0	1	0	0	0
"lc_desert_heavy_snow_winter"	"lc_desert"	"season_winter"	"heavy_snow"	0	0	0	0	0	0	0
"lc_desert_light_dust_winter"	"lc_desert"	"season_winter"	"light_dust"	10	0	0	2	0	0	0
"lc_desert_light_rain_winter"	"lc_desert"	"season_winter"	"light_rain"	0	0	0	0	0	0	0
"lc_desert_light_snow_winter"	"lc_desert"	"season_winter"	"light_snow"	0	0	0	0	0	0	0
"lc_desert_torrential_dust_winter"	"lc_desert"	"season_winter"	"torrential_dust"	5	0	0	4	0	0	0
"lc_desert_torrential_rain_winter"	"lc_desert"	"season_winter"	"torrential_rain"	0	0	0	0	0	0	0
"lc_desert_torrential_snow_winter"	"lc_desert"	"season_winter"	"torrential_snow"	0	0	0	0	0	0	0
"lc_eu_central_humid_dry_summer"	"lc_eu_central_humid"	"season_summer"	"dry"	80	15	0	0	0	0	0
"lc_eu_central_humid_heavy_dust_summer"	"lc_eu_central_humid"	"season_summer"	"heavy_dust"	0	0	0	0	0	0	0
"lc_eu_central_humid_heavy_rain_summer"	"lc_eu_central_humid"	"season_summer"	"heavy_rain"	5	25	0	0	1	0	0
"lc_eu_central_humid_heavy_snow_summer"	"lc_eu_central_humid"	"season_summer"	"heavy_snow"	0	0	0	0	0	0	0
"lc_eu_central_humid_light_dust_summer"	"lc_eu_central_humid"	"season_summer"	"light_dust"	0	0	0	0	0	0	0
"lc_eu_central_humid_light_rain_summer"	"lc_eu_central_humid"	"season_summer"	"light_rain"	10	15	0	0	0	0	0
"lc_eu_central_humid_light_snow_summer"	"lc_eu_central_humid"	"season_summer"	"light_snow"	0	0	0	0	0	0	0
"lc_eu_central_humid_torrential_dust_summer"	"lc_eu_central_humid"	"season_summer"	"torrential_dust"	0	0	0	0	0	0	0
"lc_eu_central_humid_torrential_rain_summer"	"lc_eu_central_humid"	"season_summer"	"torrential_rain"	5	33	0	0	2	0	0
"lc_eu_central_humid_torrential_snow_summer"	"lc_eu_central_humid"	"season_summer"	"torrential_snow"	0	0	0	0	0	0	0
"lc_eu_central_humid_dry_winter"	"lc_eu_central_humid"	"season_winter"	"dry"	70	25	0	0	0	0	0
"lc_eu_central_humid_heavy_dust_winter"	"lc_eu_central_humid"	"season_winter"	"heavy_dust"	0	0	0	0	0	0	0
"lc_eu_central_humid_heavy_rain_winter"	"lc_eu_central_humid"	"season_winter"	"heavy_rain"	5	20	0	0	2	0	0
"lc_eu_central_humid_heavy_snow_winter"	"lc_eu_central_humid"	"season_winter"	"heavy_snow"	7	15	0	0	3	0	0
"lc_eu_central_humid_light_dust_winter"	"lc_eu_central_humid"	"season_winter"	"light_dust"	0	0	0	0	0	0	0
"lc_eu_central_humid_light_rain_winter"	"lc_eu_central_humid"	"season_winter"	"light_rain"	7	15	0	0	1	0	0
"lc_eu_central_humid_light_snow_winter"	"lc_eu_central_humid"	"season_winter"	"light_snow"	8	15	0	0	2	0	0
"lc_eu_central_humid_torrential_dust_winter"	"lc_eu_central_humid"	"season_winter"	"torrential_dust"	0	0	0	0	0	0	0
"lc_eu_central_humid_torrential_rain_winter"	"lc_eu_central_humid"	"season_winter"	"torrential_rain"	3	20	0	0	3	0	0
"lc_eu_central_humid_torrential_snow_winter"	"lc_eu_central_humid"	"season_winter"	"torrential_snow"	0	20	0	0	4	0	0
"lc_eu_north_humid_dry_summer"	"lc_eu_north_humid"	"season_summer"	"dry"	75	15	0	0	0	0	0
"lc_eu_north_humid_heavy_dust_summer"	"lc_eu_north_humid"	"season_summer"	"heavy_dust"	0	0	0	0	0	0	0
"lc_eu_north_humid_heavy_rain_summer"	"lc_eu_north_humid"	"season_summer"	"heavy_rain"	5	25	0	0	1	0	0
"lc_eu_north_humid_heavy_snow_summer"	"lc_eu_north_humid"	"season_summer"	"heavy_snow"	0	0	0	0	0	0	0
"lc_eu_north_humid_light_dust_summer"	"lc_eu_north_humid"	"season_summer"	"light_dust"	0	0	0	0	0	0	0
"lc_eu_north_humid_light_rain_summer"	"lc_eu_north_humid"	"season_summer"	"light_rain"	15	15	0	0	0	0	0
"lc_eu_north_humid_light_snow_summer"	"lc_eu_north_humid"	"season_summer"	"light_snow"	0	0	0	0	0	0	0
"lc_eu_north_humid_torrential_dust_summer"	"lc_eu_north_humid"	"season_summer"	"torrential_dust"	0	0	0	0	0	0	0
"lc_eu_north_humid_torrential_rain_summer"	"lc_eu_north_humid"	"season_summer"	"torrential_rain"	5	33	0	0	2	0	0
"lc_eu_north_humid_torrential_snow_summer"	"lc_eu_north_humid"	"season_summer"	"torrential_snow"	0	0	0	0	0	0	0
"lc_eu_north_humid_dry_winter"	"lc_eu_north_humid"	"season_winter"	"dry"	70	25	0	0	0	0	0
"lc_eu_north_humid_heavy_dust_winter"	"lc_eu_north_humid"	"season_winter"	"heavy_dust"	0	0	0	0	0	0	0
"lc_eu_north_humid_heavy_rain_winter"	"lc_eu_north_humid"	"season_winter"	"heavy_rain"	6	20	0	0	2	0	0
"lc_eu_north_humid_heavy_snow_winter"	"lc_eu_north_humid"	"season_winter"	"heavy_snow"	5	15	0	0	3	0	0
"lc_eu_north_humid_light_dust_winter"	"lc_eu_north_humid"	"season_winter"	"light_dust"	0	0	0	0	0	0	0
"lc_eu_north_humid_light_rain_winter"	"lc_eu_north_humid"	"season_winter"	"light_rain"	8	15	0	0	1	0	0
"lc_eu_north_humid_light_snow_winter"	"lc_eu_north_humid"	"season_winter"	"light_snow"	8	15	0	0	2	0	0
"lc_eu_north_humid_torrential_dust_winter"	"lc_eu_north_humid"	"season_winter"	"torrential_dust"	0	0	0	0	0	0	0
"lc_eu_north_humid_torrential_rain_winter"	"lc_eu_north_humid"	"season_winter"	"torrential_rain"	3	20	0	0	3	0	0
"lc_eu_north_humid_torrential_snow_winter"	"lc_eu_north_humid"	"season_winter"	"torrential_snow"	0	20	0	0	4	0	0
"lc_eu_north_s_arid_dry_summer"	"lc_eu_north_s_arid"	"season_summer"	"dry"	80	5	0	0	0	0	0
"lc_eu_north_s_arid_heavy_dust_summer"	"lc_eu_north_s_arid"	"season_summer"	"heavy_dust"	0	0	0	0	0	0	0
"lc_eu_north_s_arid_heavy_rain_summer"	"lc_eu_north_s_arid"	"season_summer"	"heavy_rain"	5	10	0	0	1	0	0
"lc_eu_north_s_arid_heavy_snow_summer"	"lc_eu_north_s_arid"	"season_summer"	"heavy_snow"	0	0	0	0	0	0	0
"lc_eu_north_s_arid_light_dust_summer"	"lc_eu_north_s_arid"	"season_summer"	"light_dust"	0	0	0	0	0	0	0
"lc_eu_north_s_arid_light_rain_summer"	"lc_eu_north_s_arid"	"season_summer"	"light_rain"	10	10	0	0	0	0	0
"lc_eu_north_s_arid_light_snow_summer"	"lc_eu_north_s_arid"	"season_summer"	"light_snow"	0	0	0	0	0	0	0
"lc_eu_north_s_arid_torrential_dust_summer"	"lc_eu_north_s_arid"	"season_summer"	"torrential_dust"	0	0	0	0	0	0	0
"lc_eu_north_s_arid_torrential_rain_summer"	"lc_eu_north_s_arid"	"season_summer"	"torrential_rain"	5	10	0	0	2	0	0
"lc_eu_north_s_arid_torrential_snow_summer"	"lc_eu_north_s_arid"	"season_summer"	"torrential_snow"	0	0	0	0	0	0	0
"lc_eu_north_s_arid_dry_winter"	"lc_eu_north_s_arid"	"season_winter"	"dry"	70	25	0	0	0	0	0
"lc_eu_north_s_arid_heavy_dust_winter"	"lc_eu_north_s_arid"	"season_winter"	"heavy_dust"	0	0	0	0	0	0	0
"lc_eu_north_s_arid_heavy_rain_winter"	"lc_eu_north_s_arid"	"season_winter"	"heavy_rain"	5	15	0	0	2	0	0
"lc_eu_north_s_arid_heavy_snow_winter"	"lc_eu_north_s_arid"	"season_winter"	"heavy_snow"	7	20	0	0	3	0	0
"lc_eu_north_s_arid_light_dust_winter"	"lc_eu_north_s_arid"	"season_winter"	"light_dust"	0	0	0	0	0	0	0
"lc_eu_north_s_arid_light_rain_winter"	"lc_eu_north_s_arid"	"season_winter"	"light_rain"	5	15	0	0	1	0	0
"lc_eu_north_s_arid_light_snow_winter"	"lc_eu_north_s_arid"	"season_winter"	"light_snow"	7	20	0	0	2	0	0
"lc_eu_north_s_arid_torrential_dust_winter"	"lc_eu_north_s_arid"	"season_winter"	"torrential_dust"	0	0	0	0	0	0	0
"lc_eu_north_s_arid_torrential_rain_winter"	"lc_eu_north_s_arid"	"season_winter"	"torrential_rain"	3	15	0	0	3	0	0
"lc_eu_north_s_arid_torrential_snow_winter"	"lc_eu_north_s_arid"	"season_winter"	"torrential_snow"	3	20	0	0	4	0	0
"lc_eu_south_humid_dry_summer"	"lc_eu_south_humid"	"season_summer"	"dry"	85	10	0	0	0	0	0
"lc_eu_south_humid_heavy_dust_summer"	"lc_eu_south_humid"	"season_summer"	"heavy_dust"	0	0	0	0	0	0	0
"lc_eu_south_humid_heavy_rain_summer"	"lc_eu_south_humid"	"season_summer"	"heavy_rain"	5	20	0	0	1	0	0
"lc_eu_south_humid_heavy_snow_summer"	"lc_eu_south_humid"	"season_summer"	"heavy_snow"	0	0	0	0	0	0	0
"lc_eu_south_humid_light_dust_summer"	"lc_eu_south_humid"	"season_summer"	"light_dust"	0	0	0	0	0	0	0
"lc_eu_south_humid_light_rain_summer"	"lc_eu_south_humid"	"season_summer"	"light_rain"	5	20	0	0	0	0	0
"lc_eu_south_humid_light_snow_summer"	"lc_eu_south_humid"	"season_summer"	"light_snow"	0	0	0	0	0	0	0
"lc_eu_south_humid_torrential_dust_summer"	"lc_eu_south_humid"	"season_summer"	"torrential_dust"	0	0	0	0	0	0	0
"lc_eu_south_humid_torrential_rain_summer"	"lc_eu_south_humid"	"season_summer"	"torrential_rain"	5	15	0	0	2	0	0
"lc_eu_south_humid_torrential_snow_summer"	"lc_eu_south_humid"	"season_summer"	"torrential_snow"	0	0	0	0	0	0	0
"lc_eu_south_humid_dry_winter"	"lc_eu_south_humid"	"season_winter"	"dry"	71	25	0	0	0	0	0
"lc_eu_south_humid_heavy_dust_winter"	"lc_eu_south_humid"	"season_winter"	"heavy_dust"	0	0	0	0	0	0	0
"lc_eu_south_humid_heavy_rain_winter"	"lc_eu_south_humid"	"season_winter"	"heavy_rain"	10	15	0	0	2	0	0
"lc_eu_south_humid_heavy_snow_winter"	"lc_eu_south_humid"	"season_winter"	"heavy_snow"	3	20	0	0	3	0	0
"lc_eu_south_humid_light_dust_winter"	"lc_eu_south_humid"	"season_winter"	"light_dust"	0	0	0	0	0	0	0
"lc_eu_south_humid_light_rain_winter"	"lc_eu_south_humid"	"season_winter"	"light_rain"	10	15	0	0	1	0	0
"lc_eu_south_humid_light_snow_winter"	"lc_eu_south_humid"	"season_winter"	"light_snow"	3	20	0	0	2	0	0
"lc_eu_south_humid_torrential_dust_winter"	"lc_eu_south_humid"	"season_winter"	"torrential_dust"	0	0	0	0	0	0	0
"lc_eu_south_humid_torrential_rain_winter"	"lc_eu_south_humid"	"season_winter"	"torrential_rain"	3	25	0	0	3	0	0
"lc_eu_south_humid_torrential_snow_winter"	"lc_eu_south_humid"	"season_winter"	"torrential_snow"	0	33	0	0	4	0	0
"lc_eu_south_s_arid_dry_summer"	"lc_eu_south_s_arid"	"season_summer"	"dry"	90	15	0	0	0	0	0
"lc_eu_south_s_arid_heavy_dust_summer"	"lc_eu_south_s_arid"	"season_summer"	"heavy_dust"	0	0	0	0	0	0	0
"lc_eu_south_s_arid_heavy_rain_summer"	"lc_eu_south_s_arid"	"season_summer"	"heavy_rain"	5	10	0	0	0	0	0
"lc_eu_south_s_arid_heavy_snow_summer"	"lc_eu_south_s_arid"	"season_summer"	"heavy_snow"	0	0	0	0	0	0	0
"lc_eu_south_s_arid_light_dust_summer"	"lc_eu_south_s_arid"	"season_summer"	"light_dust"	0	0	0	0	0	0	0
"lc_eu_south_s_arid_light_rain_summer"	"lc_eu_south_s_arid"	"season_summer"	"light_rain"	5	20	0	0	0	0	0
"lc_eu_south_s_arid_light_snow_summer"	"lc_eu_south_s_arid"	"season_summer"	"light_snow"	0	15	0	0	0	0	0
"lc_eu_south_s_arid_torrential_dust_summer"	"lc_eu_south_s_arid"	"season_summer"	"torrential_dust"	0	0	0	0	0	0	0
"lc_eu_south_s_arid_torrential_rain_summer"	"lc_eu_south_s_arid"	"season_summer"	"torrential_rain"	0	15	0	0	1	0	0
"lc_eu_south_s_arid_torrential_snow_summer"	"lc_eu_south_s_arid"	"season_summer"	"torrential_snow"	0	0	0	0	0	0	0
"lc_eu_south_s_arid_dry_winter"	"lc_eu_south_s_arid"	"season_winter"	"dry"	70	25	0	0	0	0	0
"lc_eu_south_s_arid_heavy_dust_winter"	"lc_eu_south_s_arid"	"season_winter"	"heavy_dust"	0	0	0	0	0	0	0
"lc_eu_south_s_arid_heavy_rain_winter"	"lc_eu_south_s_arid"	"season_winter"	"heavy_rain"	10	20	0	0	2	0	0
"lc_eu_south_s_arid_heavy_snow_winter"	"lc_eu_south_s_arid"	"season_winter"	"heavy_snow"	0	25	0	0	2	0	0
"lc_eu_south_s_arid_light_dust_winter"	"lc_eu_south_s_arid"	"season_winter"	"light_dust"	0	0	0	0	0	0	0
"lc_eu_south_s_arid_light_rain_winter"	"lc_eu_south_s_arid"	"season_winter"	"light_rain"	10	15	0	0	1	0	0
"lc_eu_south_s_arid_light_snow_winter"	"lc_eu_south_s_arid"	"season_winter"	"light_snow"	5	25	0	0	1	0	0
"lc_eu_south_s_arid_torrential_dust_winter"	"lc_eu_south_s_arid"	"season_winter"	"torrential_dust"	0	0	0	0	0	0	0
"lc_eu_south_s_arid_torrential_rain_winter"	"lc_eu_south_s_arid"	"season_winter"	"torrential_rain"	5	20	0	0	3	0	0
"lc_eu_south_s_arid_torrential_snow_winter"	"lc_eu_south_s_arid"	"season_winter"	"torrential_snow"	0	15	0	0	3	0	0
"lc_mediterranean_dry_summer"	"lc_mediterranean"	"season_summer"	"dry"	85	0	0	1	0	0	0
"lc_mediterranean_heavy_dust_summer"	"lc_mediterranean"	"season_summer"	"heavy_dust"	0	0	0	0	0	0	0
"lc_mediterranean_heavy_rain_summer"	"lc_mediterranean"	"season_summer"	"heavy_rain"	0	10	0	0	0	0	0
"lc_mediterranean_heavy_snow_summer"	"lc_mediterranean"	"season_summer"	"heavy_snow"	0	0	0	0	0	0	0
"lc_mediterranean_light_dust_summer"	"lc_mediterranean"	"season_summer"	"light_dust"	10	0	0	1	0	0	0
"lc_mediterranean_light_rain_summer"	"lc_mediterranean"	"season_summer"	"light_rain"	5	10	0	0	0	0	0
"lc_mediterranean_light_snow_summer"	"lc_mediterranean"	"season_summer"	"light_snow"	0	0	0	0	0	0	0
"lc_mediterranean_torrential_dust_summer"	"lc_mediterranean"	"season_summer"	"torrential_dust"	0	0	0	0	0	0	0
"lc_mediterranean_torrential_rain_summer"	"lc_mediterranean"	"season_summer"	"torrential_rain"	0	0	0	0	0	0	0
"lc_mediterranean_torrential_snow_summer"	"lc_mediterranean"	"season_summer"	"torrential_snow"	0	0	0	0	0	0	0
"lc_mediterranean_dry_winter"	"lc_mediterranean"	"season_winter"	"dry"	75	5	0	0	0	0	0
"lc_mediterranean_heavy_dust_winter"	"lc_mediterranean"	"season_winter"	"heavy_dust"	0	0	0	0	0	0	0
"lc_mediterranean_heavy_rain_winter"	"lc_mediterranean"	"season_winter"	"heavy_rain"	5	15	0	0	1	0	0
"lc_mediterranean_heavy_snow_winter"	"lc_mediterranean"	"season_winter"	"heavy_snow"	5	0	0	0	0	0	0
"lc_mediterranean_light_dust_winter"	"lc_mediterranean"	"season_winter"	"light_dust"	0	0	0	0	0	0	0
"lc_mediterranean_light_rain_winter"	"lc_mediterranean"	"season_winter"	"light_rain"	5	15	0	0	0	0	0
"lc_mediterranean_light_snow_winter"	"lc_mediterranean"	"season_winter"	"light_snow"	5	0	0	0	0	0	0
"lc_mediterranean_torrential_dust_winter"	"lc_mediterranean"	"season_winter"	"torrential_dust"	0	0	0	0	0	0	0
"lc_mediterranean_torrential_rain_winter"	"lc_mediterranean"	"season_winter"	"torrential_rain"	5	10	0	0	2	0	0
"lc_mediterranean_torrential_snow_winter"	"lc_mediterranean"	"season_winter"	"torrential_snow"	0	0	0	0	0	0	0
"lc_sand_desert_dry_summer"	"lc_sand_desert"	"season_summer"	"dry"	75	0	0	2	0	0	0
"lc_sand_desert_heavy_dust_summer"	"lc_sand_desert"	"season_summer"	"heavy_dust"	10	0	0	4	0	0	0
"lc_sand_desert_heavy_rain_summer"	"lc_sand_desert"	"season_summer"	"heavy_rain"	0	5	0	0	0	0	0
"lc_sand_desert_heavy_snow_summer"	"lc_sand_desert"	"season_summer"	"heavy_snow"	0	0	0	0	0	0	0
"lc_sand_desert_light_dust_summer"	"lc_sand_desert"	"season_summer"	"light_dust"	10	0	0	3	0	0	0
"lc_sand_desert_light_rain_summer"	"lc_sand_desert"	"season_summer"	"light_rain"	0	0	0	0	0	0	0
"lc_sand_desert_light_snow_summer"	"lc_sand_desert"	"season_summer"	"light_snow"	0	0	0	0	0	0	0
"lc_sand_desert_torrential_dust_summer"	"lc_sand_desert"	"season_summer"	"torrential_dust"	5	0	0	5	0	0	0
"lc_sand_desert_torrential_rain_summer"	"lc_sand_desert"	"season_summer"	"torrential_rain"	0	5	0	0	0	0	0
"lc_sand_desert_torrential_snow_summer"	"lc_sand_desert"	"season_summer"	"torrential_snow"	0	0	0	0	0	0	0
"lc_sand_desert_dry_winter"	"lc_sand_desert"	"season_winter"	"dry"	70	0	0	1	0	0	0
"lc_sand_desert_heavy_dust_winter"	"lc_sand_desert"	"season_winter"	"heavy_dust"	10	0	0	3	0	0	0
"lc_sand_desert_heavy_rain_winter"	"lc_sand_desert"	"season_winter"	"heavy_rain"	0	10	0	0	0	0	0
"lc_sand_desert_heavy_snow_winter"	"lc_sand_desert"	"season_winter"	"heavy_snow"	0	0	0	0	0	0	0
"lc_sand_desert_light_dust_winter"	"lc_sand_desert"	"season_winter"	"light_dust"	12	0	0	2	0	0	0
"lc_sand_desert_light_rain_winter"	"lc_sand_desert"	"season_winter"	"light_rain"	0	0	0	0	0	0	0
"lc_sand_desert_light_snow_winter"	"lc_sand_desert"	"season_winter"	"light_snow"	0	0	0	0	0	0	0
"lc_sand_desert_torrential_dust_winter"	"lc_sand_desert"	"season_winter"	"torrential_dust"	8	0	0	4	0	0	0
"lc_sand_desert_torrential_rain_winter"	"lc_sand_desert"	"season_winter"	"torrential_rain"	0	0	0	0	0	0	0
"lc_sand_desert_torrential_snow_winter"	"lc_sand_desert"	"season_winter"	"torrential_snow"	0	0	0	0	0	0	0
"lc_steppe_dry_summer"	"lc_steppe"	"season_summer"	"dry"	84	5	0	0	0	0	0
"lc_steppe_heavy_dust_summer"	"lc_steppe"	"season_summer"	"heavy_dust"	3	0	0	1	0	0	0
"lc_steppe_heavy_rain_summer"	"lc_steppe"	"season_summer"	"heavy_rain"	3	15	0	0	1	0	0
"lc_steppe_heavy_snow_summer"	"lc_steppe"	"season_summer"	"heavy_snow"	0	0	0	0	0	0	0
"lc_steppe_light_dust_summer"	"lc_steppe"	"season_summer"	"light_dust"	5	0	0	0	0	0	0
"lc_steppe_light_rain_summer"	"lc_steppe"	"season_summer"	"light_rain"	0	20	0	0	0	0	0
"lc_steppe_light_snow_summer"	"lc_steppe"	"season_summer"	"light_snow"	0	0	0	0	0	0	0
"lc_steppe_torrential_dust_summer"	"lc_steppe"	"season_summer"	"torrential_dust"	0	0	0	0	0	0	0
"lc_steppe_torrential_rain_summer"	"lc_steppe"	"season_summer"	"torrential_rain"	5	50	0	0	2	0	0
"lc_steppe_torrential_snow_summer"	"lc_steppe"	"season_summer"	"torrential_snow"	0	0	0	0	0	0	0
"lc_steppe_dry_winter"	"lc_steppe"	"season_winter"	"dry"	75	10	0	0	0	0	0
"lc_steppe_heavy_dust_winter"	"lc_steppe"	"season_winter"	"heavy_dust"	0	0	0	0	0	0	0
"lc_steppe_heavy_rain_winter"	"lc_steppe"	"season_winter"	"heavy_rain"	5	20	0	0	2	0	0
"lc_steppe_heavy_snow_winter"	"lc_steppe"	"season_winter"	"heavy_snow"	0	0	0	0	0	0	0
"lc_steppe_light_dust_winter"	"lc_steppe"	"season_winter"	"light_dust"	0	0	0	0	0	0	0
"lc_steppe_light_rain_winter"	"lc_steppe"	"season_winter"	"light_rain"	7	15	0	0	0	0	0
"lc_steppe_light_snow_winter"	"lc_steppe"	"season_winter"	"light_snow"	10	15	0	0	2	0	0
"lc_steppe_torrential_dust_winter"	"lc_steppe"	"season_winter"	"torrential_dust"	0	0	0	0	0	0	0
"lc_steppe_torrential_rain_winter"	"lc_steppe"	"season_winter"	"torrential_rain"	3	20	0	0	3	0	0
"lc_steppe_torrential_snow_winter"	"lc_steppe"	"season_winter"	"torrential_snow"	0	0	0	0	0	0	0
"lc_tundra_dry_summer"	"lc_tundra"	"season_summer"	"dry"	70	20	0	0	2	0	0
"lc_tundra_heavy_dust_summer"	"lc_tundra"	"season_summer"	"heavy_dust"	0	0	0	0	0	0	0
"lc_tundra_heavy_rain_summer"	"lc_tundra"	"season_summer"	"heavy_rain"	0	0	0	0	0	0	0
"lc_tundra_heavy_snow_summer"	"lc_tundra"	"season_summer"	"heavy_snow"	7	20	0	0	4	0	0
"lc_tundra_light_dust_summer"	"lc_tundra"	"season_summer"	"light_dust"	0	0	0	0	0	0	0
"lc_tundra_light_rain_summer"	"lc_tundra"	"season_summer"	"light_rain"	5	0	0	0	0	0	0
"lc_tundra_light_snow_summer"	"lc_tundra"	"season_summer"	"light_snow"	15	20	0	0	3	0	0
"lc_tundra_torrential_dust_summer"	"lc_tundra"	"season_summer"	"torrential_dust"	0	0	0	0	0	0	0
"lc_tundra_torrential_rain_summer"	"lc_tundra"	"season_summer"	"torrential_rain"	0	0	0	0	0	0	0
"lc_tundra_torrential_snow_summer"	"lc_tundra"	"season_summer"	"torrential_snow"	3	33	0	0	5	0	0
"lc_tundra_dry_winter"	"lc_tundra"	"season_winter"	"dry"	60	25	0	0	3	0	0
"lc_tundra_heavy_dust_winter"	"lc_tundra"	"season_winter"	"heavy_dust"	0	0	0	0	0	0	0
"lc_tundra_heavy_rain_winter"	"lc_tundra"	"season_winter"	"heavy_rain"	0	0	0	0	0	0	0
"lc_tundra_heavy_snow_winter"	"lc_tundra"	"season_winter"	"heavy_snow"	16	33	0	0	5	0	0
"lc_tundra_light_dust_winter"	"lc_tundra"	"season_winter"	"light_dust"	0	0	0	0	0	0	0
"lc_tundra_light_rain_winter"	"lc_tundra"	"season_winter"	"light_rain"	0	0	0	0	0	0	0
"lc_tundra_light_snow_winter"	"lc_tundra"	"season_winter"	"light_snow"	16	25	0	0	4	0	0
"lc_tundra_torrential_dust_winter"	"lc_tundra"	"season_winter"	"torrential_dust"	0	0	0	0	0	0	0
"lc_tundra_torrential_rain_winter"	"lc_tundra"	"season_winter"	"torrential_rain"	0	0	0	0	0	0	0
"lc_tundra_torrential_snow_winter"	"lc_tundra"	"season_winter"	"torrential_snow"	8	50	0	0	6	0	0
"sc_arctic_dry_summer"	"sc_arctic"	"season_summer"	"dry"	100	10	10	0	0	0	0
"sc_arctic_heavy_dust_summer"	"sc_arctic"	"season_summer"	"heavy_dust"	0	0	0	0	0	0	0
"sc_arctic_heavy_rain_summer"	"sc_arctic"	"season_summer"	"heavy_rain"	0	0	0	0	0	0	0
"sc_arctic_heavy_snow_summer"	"sc_arctic"	"season_summer"	"heavy_snow"	0	0	0	0	0	0	0
"sc_arctic_light_dust_summer"	"sc_arctic"	"season_summer"	"light_dust"	0	0	0	0	0	0	0
"sc_arctic_light_rain_summer"	"sc_arctic"	"season_summer"	"light_rain"	0	0	0	0	0	0	0
"sc_arctic_light_snow_summer"	"sc_arctic"	"season_summer"	"light_snow"	0	0	0	0	0	0	0
"sc_arctic_torrential_dust_summer"	"sc_arctic"	"season_summer"	"torrential_dust"	0	0	0	0	0	0	0
"sc_arctic_torrential_rain_summer"	"sc_arctic"	"season_summer"	"torrential_rain"	0	0	0	0	0	0	0
"sc_arctic_torrential_snow_summer"	"sc_arctic"	"season_summer"	"torrential_snow"	0	0	0	0	0	0	0
"sc_arctic_dry_winter"	"sc_arctic"	"season_winter"	"dry"	80	20	15	0	0	0	0
"sc_arctic_heavy_dust_winter"	"sc_arctic"	"season_winter"	"heavy_dust"	0	0	0	0	0	0	0
"sc_arctic_heavy_rain_winter"	"sc_arctic"	"season_winter"	"heavy_rain"	0	0	0	0	0	0	0
"sc_arctic_heavy_snow_winter"	"sc_arctic"	"season_winter"	"heavy_snow"	0	0	0	0	0	0	0
"sc_arctic_light_dust_winter"	"sc_arctic"	"season_winter"	"light_dust"	0	0	0	0	0	0	0
"sc_arctic_light_rain_winter"	"sc_arctic"	"season_winter"	"light_rain"	10	10	10	0	0	0	0
"sc_arctic_light_snow_winter"	"sc_arctic"	"season_winter"	"light_snow"	10	15	20	0	0	0	0
"sc_arctic_torrential_dust_winter"	"sc_arctic"	"season_winter"	"torrential_dust"	0	0	0	0	0	0	0
"sc_arctic_torrential_rain_winter"	"sc_arctic"	"season_winter"	"torrential_rain"	0	0	0	0	0	0	0
"sc_arctic_torrential_snow_winter"	"sc_arctic"	"season_winter"	"torrential_snow"	0	0	0	0	0	0	0
"sc_arctic_coast_dry_summer"	"sc_arctic_coast"	"season_summer"	"dry"	95	5	5	0	0	0	0
"sc_arctic_coast_heavy_dust_summer"	"sc_arctic_coast"	"season_summer"	"heavy_dust"	0	0	0	0	0	0	0
"sc_arctic_coast_heavy_rain_summer"	"sc_arctic_coast"	"season_summer"	"heavy_rain"	0	0	0	0	0	0	0
"sc_arctic_coast_heavy_snow_summer"	"sc_arctic_coast"	"season_summer"	"heavy_snow"	0	0	0	0	0	0	0
"sc_arctic_coast_light_dust_summer"	"sc_arctic_coast"	"season_summer"	"light_dust"	0	0	0	0	0	0	0
"sc_arctic_coast_light_rain_summer"	"sc_arctic_coast"	"season_summer"	"light_rain"	5	10	10	0	0	0	0
"sc_arctic_coast_light_snow_summer"	"sc_arctic_coast"	"season_summer"	"light_snow"	0	0	0	0	0	0	0
"sc_arctic_coast_torrential_dust_summer"	"sc_arctic_coast"	"season_summer"	"torrential_dust"	0	0	0	0	0	0	0
"sc_arctic_coast_torrential_rain_summer"	"sc_arctic_coast"	"season_summer"	"torrential_rain"	0	0	0	0	0	0	0
"sc_arctic_coast_torrential_snow_summer"	"sc_arctic_coast"	"season_summer"	"torrential_snow"	0	0	0	0	0	0	0
"sc_arctic_coast_dry_winter"	"sc_arctic_coast"	"season_winter"	"dry"	72	10	15	0	0	0	0
"sc_arctic_coast_heavy_dust_winter"	"sc_arctic_coast"	"season_winter"	"heavy_dust"	0	0	0	0	0	0	0
"sc_arctic_coast_heavy_rain_winter"	"sc_arctic_coast"	"season_winter"	"heavy_rain"	7	15	5	0	0	0	0
"sc_arctic_coast_heavy_snow_winter"	"sc_arctic_coast"	"season_winter"	"heavy_snow"	7	15	10	0	0	0	0
"sc_arctic_coast_light_dust_winter"	"sc_arctic_coast"	"season_winter"	"light_dust"	0	0	0	0	0	0	0
"sc_arctic_coast_light_rain_winter"	"sc_arctic_coast"	"season_winter"	"light_rain"	7	15	5	0	0	0	0
"sc_arctic_coast_light_snow_winter"	"sc_arctic_coast"	"season_winter"	"light_snow"	7	15	10	0	0	0	0
"sc_arctic_coast_torrential_dust_winter"	"sc_arctic_coast"	"season_winter"	"torrential_dust"	0	0	0	0	0	0	0
"sc_arctic_coast_torrential_rain_winter"	"sc_arctic_coast"	"season_winter"	"torrential_rain"	0	0	0	0	0	0	0
"sc_arctic_coast_torrential_snow_winter"	"sc_arctic_coast"	"season_winter"	"torrential_snow"	0	0	0	0	0	0	0
"sc_lake_dry_summer"	"sc_lake"	"season_summer"	"dry"	100	0	0	0	0	0	0
"sc_lake_heavy_dust_summer"	"sc_lake"	"season_summer"	"heavy_dust"	0	0	0	0	0	0	0
"sc_lake_heavy_rain_summer"	"sc_lake"	"season_summer"	"heavy_rain"	0	0	0	0	0	0	0
"sc_lake_heavy_snow_summer"	"sc_lake"	"season_summer"	"heavy_snow"	0	0	0	0	0	0	0
"sc_lake_light_dust_summer"	"sc_lake"	"season_summer"	"light_dust"	0	0	0	0	0	0	0
"sc_lake_light_rain_summer"	"sc_lake"	"season_summer"	"light_rain"	0	0	0	0	0	0	0
"sc_lake_light_snow_summer"	"sc_lake"	"season_summer"	"light_snow"	0	0	0	0	0	0	0
"sc_lake_torrential_dust_summer"	"sc_lake"	"season_summer"	"torrential_dust"	0	0	0	0	0	0	0
"sc_lake_torrential_rain_summer"	"sc_lake"	"season_summer"	"torrential_rain"	0	0	0	0	0	0	0
"sc_lake_torrential_snow_summer"	"sc_lake"	"season_summer"	"torrential_snow"	0	0	0	0	0	0	0
"sc_lake_dry_winter"	"sc_lake"	"season_winter"	"dry"	100	0	0	0	0	0	0
"sc_lake_heavy_dust_winter"	"sc_lake"	"season_winter"	"heavy_dust"	0	0	0	0	0	0	0
"sc_lake_heavy_rain_winter"	"sc_lake"	"season_winter"	"heavy_rain"	0	0	0	0	0	0	0
"sc_lake_heavy_snow_winter"	"sc_lake"	"season_winter"	"heavy_snow"	0	0	0	0	0	0	0
"sc_lake_light_dust_winter"	"sc_lake"	"season_winter"	"light_dust"	0	0	0	0	0	0	0
"sc_lake_light_rain_winter"	"sc_lake"	"season_winter"	"light_rain"	0	0	0	0	0	0	0
"sc_lake_light_snow_winter"	"sc_lake"	"season_winter"	"light_snow"	0	0	0	0	0	0	0
"sc_lake_torrential_dust_winter"	"sc_lake"	"season_winter"	"torrential_dust"	0	0	0	0	0	0	0
"sc_lake_torrential_rain_winter"	"sc_lake"	"season_winter"	"torrential_rain"	0	0	0	0	0	0	0
"sc_lake_torrential_snow_winter"	"sc_lake"	"season_winter"	"torrential_snow"	0	0	0	0	0	0	0
"sc_mediterranean_dry_summer"	"sc_mediterranean"	"season_summer"	"dry"	100	5	5	0	0	0	0
"sc_mediterranean_heavy_dust_summer"	"sc_mediterranean"	"season_summer"	"heavy_dust"	0	0	0	0	0	0	0
"sc_mediterranean_heavy_rain_summer"	"sc_mediterranean"	"season_summer"	"heavy_rain"	0	0	0	0	0	0	0
"sc_mediterranean_heavy_snow_summer"	"sc_mediterranean"	"season_summer"	"heavy_snow"	0	0	0	0	0	0	0
"sc_mediterranean_light_dust_summer"	"sc_mediterranean"	"season_summer"	"light_dust"	0	0	0	0	0	0	0
"sc_mediterranean_light_rain_summer"	"sc_mediterranean"	"season_summer"	"light_rain"	0	0	0	0	0	0	0
"sc_mediterranean_light_snow_summer"	"sc_mediterranean"	"season_summer"	"light_snow"	0	0	0	0	0	0	0
"sc_mediterranean_torrential_dust_summer"	"sc_mediterranean"	"season_summer"	"torrential_dust"	0	0	0	0	0	0	0
"sc_mediterranean_torrential_rain_summer"	"sc_mediterranean"	"season_summer"	"torrential_rain"	0	0	0	0	0	0	0
"sc_mediterranean_torrential_snow_summer"	"sc_mediterranean"	"season_summer"	"torrential_snow"	0	0	0	0	0	0	0
"sc_mediterranean_dry_winter"	"sc_mediterranean"	"season_winter"	"dry"	95	5	8	0	0	0	0
"sc_mediterranean_heavy_dust_winter"	"sc_mediterranean"	"season_winter"	"heavy_dust"	0	0	0	0	0	0	0
"sc_mediterranean_heavy_rain_winter"	"sc_mediterranean"	"season_winter"	"heavy_rain"	2	50	33	0	0	0	0
"sc_mediterranean_heavy_snow_winter"	"sc_mediterranean"	"season_winter"	"heavy_snow"	0	0	0	0	0	0	0
"sc_mediterranean_light_dust_winter"	"sc_mediterranean"	"season_winter"	"light_dust"	0	0	0	0	0	0	0
"sc_mediterranean_light_rain_winter"	"sc_mediterranean"	"season_winter"	"light_rain"	3	33	20	0	0	0	0
"sc_mediterranean_light_snow_winter"	"sc_mediterranean"	"season_winter"	"light_snow"	0	0	0	0	0	0	0
"sc_mediterranean_torrential_dust_winter"	"sc_mediterranean"	"season_winter"	"torrential_dust"	0	0	0	0	0	0	0
"sc_mediterranean_torrential_rain_winter"	"sc_mediterranean"	"season_winter"	"torrential_rain"	0	0	0	0	0	0	0
"sc_mediterranean_torrential_snow_winter"	"sc_mediterranean"	"season_winter"	"torrential_snow"	0	0	0	0	0	0	0
"sc_subtropic_dry_summer"	"sc_subtropic"	"season_summer"	"dry"	98	5	10	0	0	0	0
"sc_subtropic_heavy_dust_summer"	"sc_subtropic"	"season_summer"	"heavy_dust"	0	0	0	0	0	0	0
"sc_subtropic_heavy_rain_summer"	"sc_subtropic"	"season_summer"	"heavy_rain"	0	0	0	0	0	0	0
"sc_subtropic_heavy_snow_summer"	"sc_subtropic"	"season_summer"	"heavy_snow"	0	0	0	0	0	0	0
"sc_subtropic_light_dust_summer"	"sc_subtropic"	"season_summer"	"light_dust"	0	0	0	0	0	0	0
"sc_subtropic_light_rain_summer"	"sc_subtropic"	"season_summer"	"light_rain"	2	33	20	0	0	0	0
"sc_subtropic_light_snow_summer"	"sc_subtropic"	"season_summer"	"light_snow"	0	0	0	0	0	0	0
"sc_subtropic_torrential_dust_summer"	"sc_subtropic"	"season_summer"	"torrential_dust"	0	0	0	0	0	0	0
"sc_subtropic_torrential_rain_summer"	"sc_subtropic"	"season_summer"	"torrential_rain"	0	0	0	0	0	0	0
"sc_subtropic_torrential_snow_summer"	"sc_subtropic"	"season_summer"	"torrential_snow"	0	0	0	0	0	0	0
"sc_subtropic_dry_winter"	"sc_subtropic"	"season_winter"	"dry"	100	5	10	0	0	0	0
"sc_subtropic_heavy_dust_winter"	"sc_subtropic"	"season_winter"	"heavy_dust"	0	0	0	0	0	0	0
"sc_subtropic_heavy_rain_winter"	"sc_subtropic"	"season_winter"	"heavy_rain"	0	0	0	0	0	0	0
"sc_subtropic_heavy_snow_winter"	"sc_subtropic"	"season_winter"	"heavy_snow"	0	0	0	0	0	0	0
"sc_subtropic_light_dust_winter"	"sc_subtropic"	"season_winter"	"light_dust"	0	0	0	0	0	0	0
"sc_subtropic_light_rain_winter"	"sc_subtropic"	"season_winter"	"light_rain"	0	0	0	0	0	0	0
"sc_subtropic_light_snow_winter"	"sc_subtropic"	"season_winter"	"light_snow"	0	0	0	0	0	0	0
"sc_subtropic_torrential_dust_winter"	"sc_subtropic"	"season_winter"	"torrential_dust"	0	0	0	0	0	0	0
"sc_subtropic_torrential_rain_winter"	"sc_subtropic"	"season_winter"	"torrential_rain"	0	0	0	0	0	0	0
"sc_subtropic_torrential_snow_winter"	"sc_subtropic"	"season_winter"	"torrential_snow"	0	0	0	0	0	0	0
"sc_subtropic_coast_dry_summer"	"sc_subtropic_coast"	"season_summer"	"dry"	91	10	15	0	0	0	0
"sc_subtropic_coast_heavy_dust_summer"	"sc_subtropic_coast"	"season_summer"	"heavy_dust"	0	0	0	0	0	0	0
"sc_subtropic_coast_heavy_rain_summer"	"sc_subtropic_coast"	"season_summer"	"heavy_rain"	3	10	15	0	0	0	0
"sc_subtropic_coast_heavy_snow_summer"	"sc_subtropic_coast"	"season_summer"	"heavy_snow"	0	0	0	0	0	0	0
"sc_subtropic_coast_light_dust_summer"	"sc_subtropic_coast"	"season_summer"	"light_dust"	0	0	0	0	0	0	0
"sc_subtropic_coast_light_rain_summer"	"sc_subtropic_coast"	"season_summer"	"light_rain"	6	10	15	0	0	0	0
"sc_subtropic_coast_light_snow_summer"	"sc_subtropic_coast"	"season_summer"	"light_snow"	0	0	0	0	0	0	0
"sc_subtropic_coast_torrential_dust_summer"	"sc_subtropic_coast"	"season_summer"	"torrential_dust"	0	0	0	0	0	0	0
"sc_subtropic_coast_torrential_rain_summer"	"sc_subtropic_coast"	"season_summer"	"torrential_rain"	0	0	0	0	0	0	0
"sc_subtropic_coast_torrential_snow_summer"	"sc_subtropic_coast"	"season_summer"	"torrential_snow"	0	0	0	0	0	0	0
"sc_subtropic_coast_dry_winter"	"sc_subtropic_coast"	"season_winter"	"dry"	98	5	15	0	0	0	0
"sc_subtropic_coast_heavy_dust_winter"	"sc_subtropic_coast"	"season_winter"	"heavy_dust"	0	0	0	0	0	0	0
"sc_subtropic_coast_heavy_rain_winter"	"sc_subtropic_coast"	"season_winter"	"heavy_rain"	0	0	0	0	0	0	0
"sc_subtropic_coast_heavy_snow_winter"	"sc_subtropic_coast"	"season_winter"	"heavy_snow"	0	0	0	0	0	0	0
"sc_subtropic_coast_light_dust_winter"	"sc_subtropic_coast"	"season_winter"	"light_dust"	0	0	0	0	0	0	0
"sc_subtropic_coast_light_rain_winter"	"sc_subtropic_coast"	"season_winter"	"light_rain"	2	20	15	0	0	0	0
"sc_subtropic_coast_light_snow_winter"	"sc_subtropic_coast"	"season_winter"	"light_snow"	0	0	0	0	0	0	0
"sc_subtropic_coast_torrential_dust_winter"	"sc_subtropic_coast"	"season_winter"	"torrential_dust"	0	0	0	0	0	0	0
"sc_subtropic_coast_torrential_rain_winter"	"sc_subtropic_coast"	"season_winter"	"torrential_rain"	0	0	0	0	0	0	0
"sc_subtropic_coast_torrential_snow_winter"	"sc_subtropic_coast"	"season_winter"	"torrential_snow"	0	0	0	0	0	0	0
"sc_temperate_dry_summer"	"sc_temperate"	"season_summer"	"dry"	95	10	10	0	0	0	0
"sc_temperate_heavy_dust_summer"	"sc_temperate"	"season_summer"	"heavy_dust"	0	0	0	0	0	0	0
"sc_temperate_heavy_rain_summer"	"sc_temperate"	"season_summer"	"heavy_rain"	1	50	20	0	0	0	0
"sc_temperate_heavy_snow_summer"	"sc_temperate"	"season_summer"	"heavy_snow"	0	0	0	0	0	0	0
"sc_temperate_light_dust_summer"	"sc_temperate"	"season_summer"	"light_dust"	0	0	0	0	0	0	0
"sc_temperate_light_rain_summer"	"sc_temperate"	"season_summer"	"light_rain"	4	20	20	0	0	0	0
"sc_temperate_light_snow_summer"	"sc_temperate"	"season_summer"	"light_snow"	0	0	0	0	0	0	0
"sc_temperate_torrential_dust_summer"	"sc_temperate"	"season_summer"	"torrential_dust"	0	0	0	0	0	0	0
"sc_temperate_torrential_rain_summer"	"sc_temperate"	"season_summer"	"torrential_rain"	0	0	0	0	0	0	0
"sc_temperate_torrential_snow_summer"	"sc_temperate"	"season_summer"	"torrential_snow"	0	0	0	0	0	0	0
"sc_temperate_dry_winter"	"sc_temperate"	"season_winter"	"dry"	85	15	15	0	0	0	0
"sc_temperate_heavy_dust_winter"	"sc_temperate"	"season_winter"	"heavy_dust"	0	0	0	0	0	0	0
"sc_temperate_heavy_rain_winter"	"sc_temperate"	"season_winter"	"heavy_rain"	5	33	15	0	0	0	0
"sc_temperate_heavy_snow_winter"	"sc_temperate"	"season_winter"	"heavy_snow"	0	0	0	0	0	0	0
"sc_temperate_light_dust_winter"	"sc_temperate"	"season_winter"	"light_dust"	0	0	0	0	0	0	0
"sc_temperate_light_rain_winter"	"sc_temperate"	"season_winter"	"light_rain"	10	25	15	0	0	0	0
"sc_temperate_light_snow_winter"	"sc_temperate"	"season_winter"	"light_snow"	0	0	0	0	0	0	0
"sc_temperate_torrential_dust_winter"	"sc_temperate"	"season_winter"	"torrential_dust"	0	0	0	0	0	0	0
"sc_temperate_torrential_rain_winter"	"sc_temperate"	"season_winter"	"torrential_rain"	0	0	0	0	0	0	0
"sc_temperate_torrential_snow_winter"	"sc_temperate"	"season_winter"	"torrential_snow"	0	0	0	0	0	0	0
"sc_temperate_coast_dry_summer"	"sc_temperate_coast"	"season_summer"	"dry"	98	10	15	0	0	0	0
"sc_temperate_coast_heavy_dust_summer"	"sc_temperate_coast"	"season_summer"	"heavy_dust"	0	0	0	0	0	0	0
"sc_temperate_coast_heavy_rain_summer"	"sc_temperate_coast"	"season_summer"	"heavy_rain"	0	0	0	0	0	0	0
"sc_temperate_coast_heavy_snow_summer"	"sc_temperate_coast"	"season_summer"	"heavy_snow"	0	0	0	0	0	0	0
"sc_temperate_coast_light_dust_summer"	"sc_temperate_coast"	"season_summer"	"light_dust"	0	0	0	0	0	0	0
"sc_temperate_coast_light_rain_summer"	"sc_temperate_coast"	"season_summer"	"light_rain"	2	20	10	0	0	0	0
"sc_temperate_coast_light_snow_summer"	"sc_temperate_coast"	"season_summer"	"light_snow"	0	0	0	0	0	0	0
"sc_temperate_coast_torrential_dust_summer"	"sc_temperate_coast"	"season_summer"	"torrential_dust"	0	0	0	0	0	0	0
"sc_temperate_coast_torrential_rain_summer"	"sc_temperate_coast"	"season_summer"	"torrential_rain"	0	0	0	0	0	0	0
"sc_temperate_coast_torrential_snow_summer"	"sc_temperate_coast"	"season_summer"	"torrential_snow"	0	0	0	0	0	0	0
"sc_temperate_coast_dry_winter"	"sc_temperate_coast"	"season_winter"	"dry"	92	15	20	0	0	0	0
"sc_temperate_coast_heavy_dust_winter"	"sc_temperate_coast"	"season_winter"	"heavy_dust"	0	0	0	0	0	0	0
"sc_temperate_coast_heavy_rain_winter"	"sc_temperate_coast"	"season_winter"	"heavy_rain"	2	33	10	0	0	0	0
"sc_temperate_coast_heavy_snow_winter"	"sc_temperate_coast"	"season_winter"	"heavy_snow"	0	0	0	0	0	0	0
"sc_temperate_coast_light_dust_winter"	"sc_temperate_coast"	"season_winter"	"light_dust"	0	0	0	0	0	0	0
"sc_temperate_coast_light_rain_winter"	"sc_temperate_coast"	"season_winter"	"light_rain"	5	20	10	0	0	0	0
"sc_temperate_coast_light_snow_winter"	"sc_temperate_coast"	"season_winter"	"light_snow"	1	33	50	0	0	0	0
"sc_temperate_coast_torrential_dust_winter"	"sc_temperate_coast"	"season_winter"	"torrential_dust"	0	0	0	0	0	0	0
"sc_temperate_coast_torrential_rain_winter"	"sc_temperate_coast"	"season_winter"	"torrential_rain"	0	0	0	0	0	0	0
"sc_temperate_coast_torrential_snow_winter"	"sc_temperate_coast"	"season_winter"	"torrential_snow"	0	0	0	0	0	0	0
"sc_tropic_dry_summer"	"sc_tropic"	"season_summer"	"dry"	93	15	15	0	0	0	0
"sc_tropic_heavy_dust_summer"	"sc_tropic"	"season_summer"	"heavy_dust"	0	0	0	0	0	0	0
"sc_tropic_heavy_rain_summer"	"sc_tropic"	"season_summer"	"heavy_rain"	0	0	0	0	0	0	0
"sc_tropic_heavy_snow_summer"	"sc_tropic"	"season_summer"	"heavy_snow"	0	0	0	0	0	0	0
"sc_tropic_light_dust_summer"	"sc_tropic"	"season_summer"	"light_dust"	0	0	0	0	0	0	0
"sc_tropic_light_rain_summer"	"sc_tropic"	"season_summer"	"light_rain"	2	20	20	0	0	0	0
"sc_tropic_light_snow_summer"	"sc_tropic"	"season_summer"	"light_snow"	0	0	0	0	0	0	0
"sc_tropic_torrential_dust_summer"	"sc_tropic"	"season_summer"	"torrential_dust"	0	0	0	0	0	0	0
"sc_tropic_torrential_rain_summer"	"sc_tropic"	"season_summer"	"torrential_rain"	5	0	0	0	0	0	0
"sc_tropic_torrential_snow_summer"	"sc_tropic"	"season_summer"	"torrential_snow"	0	0	0	0	0	0	0
"sc_tropic_dry_winter"	"sc_tropic"	"season_winter"	"dry"	95	5	10	0	0	0	0
"sc_tropic_heavy_dust_winter"	"sc_tropic"	"season_winter"	"heavy_dust"	0	0	0	0	0	0	0
"sc_tropic_heavy_rain_winter"	"sc_tropic"	"season_winter"	"heavy_rain"	0	0	0	0	0	0	0
"sc_tropic_heavy_snow_winter"	"sc_tropic"	"season_winter"	"heavy_snow"	0	0	0	0	0	0	0
"sc_tropic_light_dust_winter"	"sc_tropic"	"season_winter"	"light_dust"	0	0	0	0	0	0	0
"sc_tropic_light_rain_winter"	"sc_tropic"	"season_winter"	"light_rain"	0	0	0	0	0	0	0
"sc_tropic_light_snow_winter"	"sc_tropic"	"season_winter"	"light_snow"	0	0	0	0	0	0	0
"sc_tropic_torrential_dust_winter"	"sc_tropic"	"season_winter"	"torrential_dust"	0	0	0	0	0	0	0
"sc_tropic_torrential_rain_winter"	"sc_tropic"	"season_winter"	"torrential_rain"	5	0	0	0	0	0	0
"sc_tropic_torrential_snow_winter"	"sc_tropic"	"season_winter"	"torrential_snow"	0	0	0	0	0	0	0
"sc_tropic_coast_dry_summer"	"sc_tropic_coast"	"season_summer"	"dry"	91	15	10	0	0	0	0
"sc_tropic_coast_heavy_dust_summer"	"sc_tropic_coast"	"season_summer"	"heavy_dust"	0	0	0	0	0	0	0
"sc_tropic_coast_heavy_rain_summer"	"sc_tropic_coast"	"season_summer"	"heavy_rain"	3	33	15	0	0	0	0
"sc_tropic_coast_heavy_snow_summer"	"sc_tropic_coast"	"season_summer"	"heavy_snow"	0	0	0	0	0	0	0
"sc_tropic_coast_light_dust_summer"	"sc_tropic_coast"	"season_summer"	"light_dust"	0	0	0	0	0	0	0
"sc_tropic_coast_light_rain_summer"	"sc_tropic_coast"	"season_summer"	"light_rain"	6	20	15	0	0	0	0
"sc_tropic_coast_light_snow_summer"	"sc_tropic_coast"	"season_summer"	"light_snow"	0	0	0	0	0	0	0
"sc_tropic_coast_torrential_dust_summer"	"sc_tropic_coast"	"season_summer"	"torrential_dust"	0	0	0	0	0	0	0
"sc_tropic_coast_torrential_rain_summer"	"sc_tropic_coast"	"season_summer"	"torrential_rain"	0	0	0	0	0	0	0
"sc_tropic_coast_torrential_snow_summer"	"sc_tropic_coast"	"season_summer"	"torrential_snow"	0	0	0	0	0	0	0
"sc_tropic_coast_dry_winter"	"sc_tropic_coast"	"season_winter"	"dry"	98	10	10	0	0	0	0
"sc_tropic_coast_heavy_dust_winter"	"sc_tropic_coast"	"season_winter"	"heavy_dust"	0	0	0	0	0	0	0
"sc_tropic_coast_heavy_rain_winter"	"sc_tropic_coast"	"season_winter"	"heavy_rain"	0	0	0	0	0	0	0
"sc_tropic_coast_heavy_snow_winter"	"sc_tropic_coast"	"season_winter"	"heavy_snow"	0	0	0	0	0	0	0
"sc_tropic_coast_light_dust_winter"	"sc_tropic_coast"	"season_winter"	"light_dust"	0	0	0	0	0	0	0
"sc_tropic_coast_light_rain_winter"	"sc_tropic_coast"	"season_winter"	"light_rain"	2	20	15	0	0	0	0
"sc_tropic_coast_light_snow_winter"	"sc_tropic_coast"	"season_winter"	"light_snow"	0	0	0	0	0	0	0
"sc_tropic_coast_torrential_dust_winter"	"sc_tropic_coast"	"season_winter"	"torrential_dust"	0	0	0	0	0	0	0
"sc_tropic_coast_torrential_rain_winter"	"sc_tropic_coast"	"season_winter"	"torrential_rain"	0	0	0	0	0	0	0
"sc_tropic_coast_torrential_snow_winter"	"sc_tropic_coast"	"season_winter"	"torrential_snow"	0	0	0	0	0	0	0
